"estacion_elbatanclima",22004,1965,6,1,25.9
"estacion_elbatanclima",22004,1965,7,1,57
"estacion_elbatanclima",22004,1965,8,1,35
"estacion_elbatanclima",22004,1965,9,1,76
"estacion_elbatanclima",22004,1965,12,1,6.5
"estacion_elbatanclima",22004,1966,1,1,19
"estacion_elbatanclima",22004,1966,2,1,10
"estacion_elbatanclima",22004,1966,3,1,14
"estacion_elbatanclima",22004,1966,4,1,11
"estacion_elbatanclima",22004,1966,5,1,10
"estacion_elbatanclima",22004,1966,6,1,20
"estacion_elbatanclima",22004,1966,7,1,43
"estacion_elbatanclima",22004,1966,8,1,45
"estacion_elbatanclima",22004,1966,9,1,12.5
"estacion_elbatanclima",22004,1966,10,1,16
"estacion_elbatanclima",22004,1966,11,1,0
"estacion_elbatanclima",22004,1966,12,1,0.5
"estacion_elbatanclima",22004,1967,1,1,9
"estacion_elbatanclima",22004,1967,2,1,0.5
"estacion_elbatanclima",22004,1967,3,1,10
"estacion_elbatanclima",22004,1967,4,1,9
"estacion_elbatanclima",22004,1967,5,1,8
"estacion_elbatanclima",22004,1967,6,1,4
"estacion_elbatanclima",22004,1967,7,1,20.2
"estacion_elbatanclima",22004,1967,8,1,49.5
"estacion_elbatanclima",22004,1967,9,1,30
"estacion_elbatanclima",22004,1967,10,1,48.2
"estacion_elbatanclima",22004,1967,11,1,0
"estacion_elbatanclima",22004,1967,12,1,2
"estacion_elbatanclima",22004,1968,1,1,0
"estacion_elbatanclima",22004,1968,2,1,15.4
"estacion_elbatanclima",22004,1968,3,1,15.4
"estacion_elbatanclima",22004,1968,4,1,64.1
"estacion_elbatanclima",22004,1968,5,1,42.5
"estacion_elbatanclima",22004,1968,6,1,26
"estacion_elbatanclima",22004,1968,7,1,21
"estacion_elbatanclima",22004,1968,8,1,35.7
"estacion_elbatanclima",22004,1968,9,1,20
"estacion_elbatanclima",22004,1968,10,1,16
"estacion_elbatanclima",22004,1968,11,1,4.3
"estacion_elbatanclima",22004,1968,12,1,1.6
"estacion_elbatanclima",22004,1969,1,1,4
"estacion_elbatanclima",22004,1969,2,1,7.3
"estacion_elbatanclima",22004,1969,3,1,5.8
"estacion_elbatanclima",22004,1969,4,1,0
"estacion_elbatanclima",22004,1969,5,1,4.1
"estacion_elbatanclima",22004,1969,6,1,65.7
"estacion_elbatanclima",22004,1969,7,1,18
"estacion_elbatanclima",22004,1969,8,1,36.3
"estacion_elbatanclima",22004,1969,9,1,5
"estacion_elbatanclima",22004,1969,10,1,9.4
"estacion_elbatanclima",22004,1969,11,1,5.2
"estacion_elbatanclima",22004,1969,12,1,1.7
"estacion_elbatanclima",22004,1970,1,1,0
"estacion_elbatanclima",22004,1970,2,1,3.1
"estacion_elbatanclima",22004,1970,3,1,0
"estacion_elbatanclima",22004,1970,4,1,0
"estacion_elbatanclima",22004,1970,5,1,6.2
"estacion_elbatanclima",22004,1970,6,1,31.2
"estacion_elbatanclima",22004,1970,7,1,27.2
"estacion_elbatanclima",22004,1970,8,1,23.2
"estacion_elbatanclima",22004,1970,9,1,46.4
"estacion_elbatanclima",22004,1970,10,1,9.3
"estacion_elbatanclima",22004,1970,11,1,6.2
"estacion_elbatanclima",22004,1970,12,1,0
"estacion_elbatanclima",22004,1971,1,1,1.4
"estacion_elbatanclima",22004,1971,2,1,0
"estacion_elbatanclima",22004,1971,3,1,4.8
"estacion_elbatanclima",22004,1971,4,1,2.5
"estacion_elbatanclima",22004,1971,5,1,31.2
"estacion_elbatanclima",22004,1971,6,1,32.5
"estacion_elbatanclima",22004,1971,7,1,28.3
"estacion_elbatanclima",22004,1971,8,1,46
"estacion_elbatanclima",22004,1971,9,1,45.5
"estacion_elbatanclima",22004,1971,10,1,24.2
"estacion_elbatanclima",22004,1971,11,1,4.8
"estacion_elbatanclima",22004,1971,12,1,1.3
"estacion_elbatanclima",22004,1972,1,1,1.3
"estacion_elbatanclima",22004,1972,2,1,0
"estacion_elbatanclima",22004,1972,3,1,1.2
"estacion_elbatanclima",22004,1972,4,1,3.7
"estacion_elbatanclima",22004,1972,5,1,30.4
"estacion_elbatanclima",22004,1972,6,1,21.2
"estacion_elbatanclima",22004,1972,7,1,30.8
"estacion_elbatanclima",22004,1972,8,1,24
"estacion_elbatanclima",22004,1972,9,1,44.2
"estacion_elbatanclima",22004,1972,10,1,29.2
"estacion_elbatanclima",22004,1972,11,1,14.7
"estacion_elbatanclima",22004,1972,12,1,8.5
"estacion_elbatanclima",22004,1973,1,1,0
"estacion_elbatanclima",22004,1973,2,1,2.4
"estacion_elbatanclima",22004,1973,3,1,1.5
"estacion_elbatanclima",22004,1973,4,1,16.8
"estacion_elbatanclima",22004,1973,5,1,28.7
"estacion_elbatanclima",22004,1973,6,1,34.8
"estacion_elbatanclima",22004,1973,7,1,61.7
"estacion_elbatanclima",22004,1973,8,1,32.5
"estacion_elbatanclima",22004,1973,9,1,34.1
"estacion_elbatanclima",22004,1973,10,1,30.2
"estacion_elbatanclima",22004,1973,11,1,3.8
"estacion_elbatanclima",22004,1973,12,1,0
"estacion_elbatanclima",22004,1974,1,1,2.8
"estacion_elbatanclima",22004,1974,2,1,1.4
"estacion_elbatanclima",22004,1974,3,1,4.2
"estacion_elbatanclima",22004,1974,4,1,12.2
"estacion_elbatanclima",22004,1974,5,1,7.4
"estacion_elbatanclima",22004,1974,6,1,34.6
"estacion_elbatanclima",22004,1974,7,1,56.4
"estacion_elbatanclima",22004,1974,8,1,23
"estacion_elbatanclima",22004,1974,9,1,43.5
"estacion_elbatanclima",22004,1974,10,1,5.7
"estacion_elbatanclima",22004,1974,11,1,7.5
"estacion_elbatanclima",22004,1974,12,1,8.2
"estacion_elbatanclima",22004,1975,1,1,33.8
"estacion_elbatanclima",22004,1975,2,1,1.7
"estacion_elbatanclima",22004,1975,3,1,0
"estacion_elbatanclima",22004,1975,4,1,0
"estacion_elbatanclima",22004,1975,5,1,7.4
"estacion_elbatanclima",22004,1975,6,1,38.5
"estacion_elbatanclima",22004,1975,7,1,29.7
"estacion_elbatanclima",22004,1975,8,1,25.5
"estacion_elbatanclima",22004,1975,9,1,11.3
"estacion_elbatanclima",22004,1975,10,1,5.4
"estacion_elbatanclima",22004,1975,11,1,0
"estacion_elbatanclima",22004,1975,12,1,0
"estacion_elbatanclima",22004,1976,1,1,0
"estacion_elbatanclima",22004,1976,2,1,0
"estacion_elbatanclima",22004,1976,3,1,4.4
"estacion_elbatanclima",22004,1976,4,1,4.3
"estacion_elbatanclima",22004,1976,5,1,21.4
"estacion_elbatanclima",22004,1976,6,1,23.2
"estacion_elbatanclima",22004,1976,7,1,44.9
"estacion_elbatanclima",22004,1976,8,1,33.4
"estacion_elbatanclima",22004,1976,9,1,54.6
"estacion_elbatanclima",22004,1976,10,1,18.7
"estacion_elbatanclima",22004,1976,11,1,19.5
"estacion_elbatanclima",22004,1976,12,1,8.4
"estacion_elbatanclima",22004,1977,1,1,0
"estacion_elbatanclima",22004,1977,2,1,2.9
"estacion_elbatanclima",22004,1977,3,1,1.3
"estacion_elbatanclima",22004,1977,4,1,13.6
"estacion_elbatanclima",22004,1977,5,1,24.7
"estacion_elbatanclima",22004,1977,6,1,25.1
"estacion_elbatanclima",22004,1977,7,1,19.8
"estacion_elbatanclima",22004,1977,8,1,28.1
"estacion_elbatanclima",22004,1977,9,1,37
"estacion_elbatanclima",22004,1977,10,1,14.7
"estacion_elbatanclima",22004,1977,11,1,1.7
"estacion_elbatanclima",22004,1977,12,1,9.2
"estacion_elbatanclima",22004,1978,1,1,21.1
"estacion_elbatanclima",22004,1978,2,1,9.7
"estacion_elbatanclima",22004,1978,3,1,17.2
"estacion_elbatanclima",22004,1978,4,1,0
"estacion_elbatanclima",22004,1978,5,1,17.1
"estacion_elbatanclima",22004,1978,6,1,15.1
"estacion_elbatanclima",22004,1978,7,1,23.5
"estacion_elbatanclima",22004,1978,8,1,22.7
"estacion_elbatanclima",22004,1978,9,1,21.1
"estacion_elbatanclima",22004,1978,10,1,26
"estacion_elbatanclima",22004,1978,11,1,4.2
"estacion_elbatanclima",22004,1978,12,1,6.7
"estacion_elbatanclima",22004,1979,1,1,0
"estacion_elbatanclima",22004,1979,2,1,16.4
"estacion_elbatanclima",22004,1979,3,1,0
"estacion_elbatanclima",22004,1979,4,1,6.8
"estacion_elbatanclima",22004,1979,5,1,16.8
"estacion_elbatanclima",22004,1979,6,1,10.4
"estacion_elbatanclima",22004,1979,7,1,21.4
"estacion_elbatanclima",22004,1979,8,1,57.4
"estacion_elbatanclima",22004,1979,9,1,46.8
"estacion_elbatanclima",22004,1979,10,1,0
"estacion_elbatanclima",22004,1979,11,1,0
"estacion_elbatanclima",22004,1979,12,1,16.5
"estacion_elbatanclima",22004,1980,1,1,32.4
"estacion_elbatanclima",22004,1980,2,1,0
"estacion_elbatanclima",22004,1980,3,1,0
"estacion_elbatanclima",22004,1980,4,1,4.5
"estacion_elbatanclima",22004,1980,5,1,11.5
"estacion_elbatanclima",22004,1980,6,1,22.6
"estacion_elbatanclima",22004,1980,7,1,40.4
"estacion_elbatanclima",22004,1980,8,1,28.3
"estacion_elbatanclima",22004,1980,9,1,34.4
"estacion_elbatanclima",22004,1980,10,1,16.2
"estacion_elbatanclima",22004,1980,11,1,8.5
"estacion_elbatanclima",22004,1980,12,1,2.5
"estacion_elbatanclima",22004,1981,1,1,18.9
"estacion_elbatanclima",22004,1981,2,1,45.4
"estacion_elbatanclima",22004,1981,3,1,4.5
"estacion_elbatanclima",22004,1981,4,1,25.5
"estacion_elbatanclima",22004,1981,5,1,18.3
"estacion_elbatanclima",22004,1981,6,1,27.2
"estacion_elbatanclima",22004,1981,7,1,13.2
"estacion_elbatanclima",22004,1981,8,1,57.4
"estacion_elbatanclima",22004,1981,9,1,24.2
"estacion_elbatanclima",22004,1981,10,1,27.2
"estacion_elbatanclima",22004,1981,11,1,0
"estacion_elbatanclima",22004,1981,12,1,5.7
"estacion_elbatanclima",22004,1982,1,1,0
"estacion_elbatanclima",22004,1982,2,1,4.2
"estacion_elbatanclima",22004,1982,3,1,0
"estacion_elbatanclima",22004,1982,4,1,26.5
"estacion_elbatanclima",22004,1982,5,1,22.6
"estacion_elbatanclima",22004,1982,6,1,38.5
"estacion_elbatanclima",22004,1982,7,1,33.2
"estacion_elbatanclima",22004,1982,8,1,18.7
"estacion_elbatanclima",22004,1982,9,1,26.2
"estacion_elbatanclima",22004,1982,10,1,16.5
"estacion_elbatanclima",22004,1982,11,1,1.5
"estacion_elbatanclima",22004,1982,12,1,7.2
"estacion_elbatanclima",22004,1983,1,1,12.5
"estacion_elbatanclima",22004,1983,2,1,3.4
"estacion_elbatanclima",22004,1983,3,1,19.3
"estacion_elbatanclima",22004,1983,4,1,0
"estacion_elbatanclima",22004,1983,5,1,15
"estacion_elbatanclima",22004,1983,6,1,16.5
"estacion_elbatanclima",22004,1983,7,1,55.8
"estacion_elbatanclima",22004,1983,8,1,41.5
"estacion_elbatanclima",22004,1983,9,1,22.6
"estacion_elbatanclima",22004,1983,10,1,27.2
"estacion_elbatanclima",22004,1983,11,1,32.3
"estacion_elbatanclima",22004,1983,12,1,0
"estacion_elbatanclima",22004,1984,1,1,13.5
"estacion_elbatanclima",22004,1984,2,1,6.4
"estacion_elbatanclima",22004,1984,3,1,1.8
"estacion_elbatanclima",22004,1984,4,1,0
"estacion_elbatanclima",22004,1984,5,1,12.5
"estacion_elbatanclima",22004,1984,6,1,19.4
"estacion_elbatanclima",22004,1984,7,1,70.5
"estacion_elbatanclima",22004,1984,8,1,22.8
"estacion_elbatanclima",22004,1984,9,1,22.3
"estacion_elbatanclima",22004,1984,10,1,20.6
"estacion_elbatanclima",22004,1984,11,1,1.7
"estacion_elbatanclima",22004,1984,12,1,27.3
"estacion_elbatanclima",22004,1985,1,1,0
"estacion_elbatanclima",22004,1985,2,1,0
"estacion_elbatanclima",22004,1985,3,1,7.6
"estacion_elbatanclima",22004,1985,4,1,10.5
"estacion_elbatanclima",22004,1985,5,1,23.8
"estacion_elbatanclima",22004,1985,6,1,41.5
"estacion_elbatanclima",22004,1985,7,1,29.3
"estacion_elbatanclima",22004,1985,8,1,34.7
"estacion_elbatanclima",22004,1985,9,1,24.3
"estacion_elbatanclima",22004,1985,10,1,60.8
"estacion_elbatanclima",22004,1985,11,1,3.7
"estacion_elbatanclima",22004,1985,12,1,13.3
"estacion_elbatanclima",22004,1986,1,1,0
"estacion_elbatanclima",22004,1986,2,1,1.3
"estacion_elbatanclima",22004,1986,3,1,0
"estacion_elbatanclima",22004,1986,4,1,14
"estacion_elbatanclima",22004,1986,5,1,49.3
"estacion_elbatanclima",22004,1986,6,1,61.8
"estacion_elbatanclima",22004,1986,7,1,64.8
"estacion_elbatanclima",22004,1986,8,1,17.5
"estacion_elbatanclima",22004,1986,9,1,54.5
"estacion_elbatanclima",22004,1986,10,1,46.7
"estacion_elbatanclima",22004,1986,12,1,6.3
"estacion_elbatanclima",22004,1987,1,1,0
"estacion_elbatanclima",22004,1987,2,1,0
"estacion_elbatanclima",22004,1987,3,1,1.8
"estacion_elbatanclima",22004,1987,4,1,15.7
"estacion_elbatanclima",22004,1987,5,1,9.2
"estacion_elbatanclima",22004,1987,6,1,46.2
"estacion_elbatanclima",22004,1987,7,1,41.2
"estacion_elbatanclima",22004,1987,8,1,26.8
"estacion_elbatanclima",22004,1987,9,1,14.5
"estacion_elbatanclima",22004,1987,10,1,0
"estacion_elbatanclima",22004,1987,11,1,11.8
"estacion_elbatanclima",22004,1987,12,1,0
"estacion_elbatanclima",22004,1988,1,1,4.3
"estacion_elbatanclima",22004,1988,2,1,0
"estacion_elbatanclima",22004,1988,3,1,9.5
"estacion_elbatanclima",22004,1988,4,1,16.2
"estacion_elbatanclima",22004,1988,5,1,19.3
"estacion_elbatanclima",22004,1988,6,1,46.5
"estacion_elbatanclima",22004,1988,7,1,42.3
"estacion_elbatanclima",22004,1988,8,1,21.5
"estacion_elbatanclima",22004,1988,9,1,14.3
"estacion_elbatanclima",22004,1988,10,1,0
"estacion_elbatanclima",22004,1988,11,1,6.2
"estacion_elbatanclima",22004,1988,12,1,0
"estacion_elbatanclima",22004,1989,1,1,0
"estacion_elbatanclima",22004,1989,2,1,7.5
"estacion_elbatanclima",22004,1989,3,1,0
"estacion_elbatanclima",22004,1989,4,1,6.5
"estacion_elbatanclima",22004,1989,5,1,30.3
"estacion_elbatanclima",22004,1989,6,1,34.8
"estacion_elbatanclima",22004,1989,7,1,50.8
"estacion_elbatanclima",22004,1989,8,1,70.9
"estacion_elbatanclima",22004,1989,9,1,90.6
"estacion_elbatanclima",22004,1989,10,1,15.5
"estacion_elbatanclima",22004,1989,11,1,9.5
"estacion_elbatanclima",22004,1989,12,1,19.5
"estacion_elbatanclima",22004,1990,1,1,0
"estacion_elbatanclima",22004,1990,2,1,12.5
"estacion_elbatanclima",22004,1990,3,1,0
"estacion_elbatanclima",22004,1990,4,1,35
"estacion_elbatanclima",22004,1990,5,1,20
"estacion_elbatanclima",22004,1990,6,1,35.7
"estacion_elbatanclima",22004,1990,7,1,42.8
"estacion_elbatanclima",22004,1990,9,1,54.5
"estacion_elbatanclima",22004,1990,10,1,27
"estacion_elbatanclima",22004,1990,11,1,30.5
"estacion_elbatanclima",22004,1990,12,1,0
"estacion_elbatanclima",22004,1991,1,1,0
"estacion_elbatanclima",22004,1991,2,1,0
"estacion_elbatanclima",22004,1991,3,1,0
"estacion_elbatanclima",22004,1991,4,1,0
"estacion_elbatanclima",22004,1991,5,1,0
"estacion_elbatanclima",22004,1991,6,1,74.2
"estacion_elbatanclima",22004,1991,7,1,74.3
"estacion_elbatanclima",22004,1991,8,1,18
"estacion_elbatanclima",22004,1991,9,1,25.2
"estacion_elbatanclima",22004,1991,10,1,12.5
"estacion_elbatanclima",22004,1991,11,1,14.2
"estacion_elbatanclima",22004,1991,12,1,14.1
"estacion_elbatanclima",22004,1992,1,1,20.7
"estacion_elbatanclima",22004,1992,2,1,21.2
"estacion_elbatanclima",22004,1992,3,1,8
"estacion_elbatanclima",22004,1992,4,1,8.6
"estacion_elbatanclima",22004,1992,5,1,18.3
"estacion_elbatanclima",22004,1992,6,1,16.9
"estacion_elbatanclima",22004,1992,7,1,20
"estacion_elbatanclima",22004,1992,8,1,62.8
"estacion_elbatanclima",22004,1992,9,1,66.4
"estacion_elbatanclima",22004,1992,10,1,18.2
"estacion_elbatanclima",22004,1992,11,1,15.4
"estacion_elbatanclima",22004,1992,12,1,0
"estacion_elbatanclima",22004,1993,1,1,3.4
"estacion_elbatanclima",22004,1993,2,1,4
"estacion_elbatanclima",22004,1993,3,1,4.5
"estacion_elbatanclima",22004,1993,4,1,12.6
"estacion_elbatanclima",22004,1993,5,1,6.3
"estacion_elbatanclima",22004,1993,6,1,61.2
"estacion_elbatanclima",22004,1993,7,1,43.2
"estacion_elbatanclima",22004,1993,8,1,24.8
"estacion_elbatanclima",22004,1993,9,1,33.6
"estacion_elbatanclima",22004,1993,10,1,5
"estacion_elbatanclima",22004,1993,11,1,14.5
"estacion_elbatanclima",22004,1993,12,1,0
"estacion_elbatanclima",22004,1994,1,1,8.2
"estacion_elbatanclima",22004,1994,2,1,0
"estacion_elbatanclima",22004,1994,3,1,3
"estacion_elbatanclima",22004,1994,4,1,21.8
"estacion_elbatanclima",22004,1994,5,1,35.6
"estacion_elbatanclima",22004,1994,6,1,26.5
"estacion_elbatanclima",22004,1994,7,1,18.3
"estacion_elbatanclima",22004,1994,8,1,37.5
"estacion_elbatanclima",22004,1994,9,1,27.3
"estacion_elbatanclima",22004,1994,10,1,30.4
"estacion_elbatanclima",22004,1994,11,1,0
"estacion_elbatanclima",22004,1994,12,1,0
"estacion_elbatanclima",22004,1995,1,1,3.6
"estacion_elbatanclima",22004,1995,2,1,2.3
"estacion_elbatanclima",22004,1995,3,1,0
"estacion_elbatanclima",22004,1995,4,1,5.3
"estacion_elbatanclima",22004,1995,5,1,32.7
"estacion_elbatanclima",22004,1995,6,1,55.2
"estacion_elbatanclima",22004,1995,7,1,18.3
"estacion_elbatanclima",22004,1995,8,1,60.3
"estacion_elbatanclima",22004,1995,9,1,57.8
"estacion_elbatanclima",22004,1995,10,1,7.4
"estacion_elbatanclima",22004,1995,11,1,13.5
"estacion_elbatanclima",22004,1995,12,1,12.8
"estacion_elbatanclima",22004,1996,1,1,0
"estacion_elbatanclima",22004,1996,2,1,0
"estacion_elbatanclima",22004,1996,3,1,2.8
"estacion_elbatanclima",22004,1996,4,1,0
"estacion_elbatanclima",22004,1996,5,1,18.6
"estacion_elbatanclima",22004,1996,6,1,48.6
"estacion_elbatanclima",22004,1996,7,1,26.6
"estacion_elbatanclima",22004,1996,8,1,25.3
"estacion_elbatanclima",22004,1996,9,1,58.8
"estacion_elbatanclima",22004,1996,10,1,11.6
"estacion_elbatanclima",22004,1996,11,1,0
"estacion_elbatanclima",22004,1996,12,1,0
"estacion_elbatanclima",22004,1997,1,1,0
"estacion_elbatanclima",22004,1997,2,1,0
"estacion_elbatanclima",22004,1997,3,1,30.3
"estacion_elbatanclima",22004,1997,4,1,21.7
"estacion_elbatanclima",22004,1997,5,1,13.4
"estacion_elbatanclima",22004,1997,6,1,24.6
"estacion_elbatanclima",22004,1997,7,1,34.8
"estacion_elbatanclima",22004,1997,8,1,26.8
"estacion_elbatanclima",22004,1997,9,1,3.6
"estacion_elbatanclima",22004,1997,10,1,19.7
"estacion_elbatanclima",22004,1997,11,1,4.8
"estacion_elbatanclima",22004,1997,12,1,0
"estacion_elbatanclima",22004,1998,1,1,0
"estacion_elbatanclima",22004,1998,2,1,13.6
"estacion_elbatanclima",22004,1998,3,1,0
"estacion_elbatanclima",22004,1998,4,1,0
"estacion_elbatanclima",22004,1998,5,1,4.5
"estacion_elbatanclima",22004,1998,6,1,22.3
"estacion_elbatanclima",22004,1998,7,1,18.6
"estacion_elbatanclima",22004,1998,8,1,40
"estacion_elbatanclima",22004,1998,9,1,61.5
"estacion_elbatanclima",22004,1998,10,1,36.8
"estacion_elbatanclima",22004,1998,11,1,28.6
"estacion_elbatanclima",22004,1998,12,1,0
"estacion_elbatanclima",22004,1999,1,1,0
"estacion_elbatanclima",22004,1999,2,1,0
"estacion_elbatanclima",22004,1999,3,1,0
"estacion_elbatanclima",22004,1999,4,1,3
"estacion_elbatanclima",22004,1999,5,1,2
"estacion_elbatanclima",22004,1999,6,1,19.3
"estacion_elbatanclima",22004,1999,7,1,36.3
"estacion_elbatanclima",22004,1999,8,1,22
"estacion_elbatanclima",22004,1999,9,1,14.7
"estacion_elbatanclima",22004,1999,10,1,28.6
"estacion_elbatanclima",22004,1999,11,1,0
"estacion_elbatanclima",22004,1999,12,1,3.2
"estacion_elbatanclima",22004,2000,1,1,0
"estacion_elbatanclima",22004,2000,2,1,0
"estacion_elbatanclima",22004,2000,3,1,0
"estacion_elbatanclima",22004,2000,4,1,0
"estacion_elbatanclima",22004,2000,5,1,11.5
"estacion_elbatanclima",22004,2000,6,1,19.2
"estacion_elbatanclima",22004,2000,7,1,22.7
"estacion_elbatanclima",22004,2000,8,1,23.7
"estacion_elbatanclima",22004,2000,9,1,19.7
"estacion_elbatanclima",22004,2000,10,1,22.8
"estacion_elbatanclima",22004,2000,11,1,11.3
"estacion_elbatanclima",22004,2000,12,1,2.5
"estacion_elbatanclima",22004,2001,1,1,5.5
"estacion_elbatanclima",22004,2001,2,1,7.5
"estacion_elbatanclima",22004,2001,3,1,5.8
"estacion_elbatanclima",22004,2001,4,1,3.6
"estacion_elbatanclima",22004,2001,5,1,5.6
"estacion_elbatanclima",22004,2001,6,1,66.8
"estacion_elbatanclima",22004,2001,7,1,52.7
"estacion_elbatanclima",22004,2001,8,1,79.7
"estacion_elbatanclima",22004,2001,9,1,52.8
"estacion_elbatanclima",22004,2001,10,1,21.8
"estacion_elbatanclima",22004,2001,11,1,2.8
"estacion_elbatanclima",22004,2001,12,1,2.5
"estacion_elbatanclima",22004,2002,1,1,21.3
"estacion_elbatanclima",22004,2002,2,1,13.5
"estacion_elbatanclima",22004,2002,3,1,0
"estacion_elbatanclima",22004,2002,4,1,27.3
"estacion_elbatanclima",22004,2002,5,1,7.4
"estacion_elbatanclima",22004,2002,6,1,37.7
"estacion_elbatanclima",22004,2002,7,1,53.6
"estacion_elbatanclima",22004,2002,8,1,19.4
"estacion_elbatanclima",22004,2002,9,1,42.6
"estacion_elbatanclima",22004,2002,10,1,36
"estacion_elbatanclima",22004,2002,11,1,9.5
"estacion_elbatanclima",22004,2002,12,1,0
"estacion_elbatanclima",22004,2003,1,1,6.8
"estacion_elbatanclima",22004,2003,2,1,0
"estacion_elbatanclima",22004,2003,3,1,0
"estacion_elbatanclima",22004,2003,4,1,0
"estacion_elbatanclima",22004,2003,5,1,12.5
"estacion_elbatanclima",22004,2003,6,1,76.8
"estacion_elbatanclima",22004,2003,7,1,35.8
"estacion_elbatanclima",22004,2003,8,1,45.7
"estacion_elbatanclima",22004,2003,9,1,96.7
"estacion_elbatanclima",22004,2003,10,1,31.5
"estacion_elbatanclima",22004,2003,11,1,0
"estacion_elbatanclima",22004,2003,12,1,0
"estacion_elbatanclima",22004,2004,1,1,11.3
"estacion_elbatanclima",22004,2004,2,1,0
"estacion_elbatanclima",22004,2004,3,1,12.7
"estacion_elbatanclima",22004,2004,4,1,5.4
"estacion_elbatanclima",22004,2004,5,1,45.7
"estacion_elbatanclima",22004,2004,6,1,79.6
"estacion_elbatanclima",22004,2004,7,1,59.6
"estacion_elbatanclima",22004,2004,8,1,32
"estacion_elbatanclima",22004,2004,9,1,42.4
"estacion_elbatanclima",22004,2004,10,1,22.6
"estacion_elbatanclima",22004,2004,11,1,0
"estacion_elbatanclima",22004,2004,12,1,1.7
"estacion_elbatanclima",22004,2005,1,1,5.5
"estacion_elbatanclima",22004,2005,2,1,8.4
"estacion_elbatanclima",22004,2005,3,1,6.5
"estacion_elbatanclima",22004,2005,4,1,4.7
"estacion_elbatanclima",22004,2005,5,1,5.4
"estacion_elbatanclima",22004,2005,6,1,1.6
"estacion_elbatanclima",22004,2005,7,1,28.7
"estacion_elbatanclima",22004,2005,8,1,48.6
"estacion_elbatanclima",22004,2005,9,1,24.8
"estacion_elbatanclima",22004,2005,10,1,12.6
"estacion_elbatanclima",22004,2005,11,1,0
"estacion_elbatanclima",22004,2005,12,1,0
"estacion_elbatanclima",22004,2006,1,1,20.7
"estacion_elbatanclima",22004,2006,2,1,0
"estacion_elbatanclima",22004,2006,3,1,7
"estacion_elbatanclima",22004,2006,4,1,6.8
"estacion_elbatanclima",22004,2006,5,1,35.5
"estacion_elbatanclima",22004,2006,6,1,18.7
"estacion_elbatanclima",22004,2006,7,1,21.6
"estacion_elbatanclima",22004,2006,8,1,28.5
"estacion_elbatanclima",22004,2006,9,1,132.5
"estacion_elbatanclima",22004,2006,10,1,98.6
"estacion_elbatanclima",22004,2006,11,1,13.6
"estacion_elbatanclima",22004,2006,12,1,2
"estacion_elbatanclima",22004,2007,1,1,9.4
"estacion_elbatanclima",22004,2007,2,1,13.7
"estacion_elbatanclima",22004,2007,3,1,0
"estacion_elbatanclima",22004,2007,4,1,11.6
"estacion_elbatanclima",22004,2007,5,1,15.5
"estacion_elbatanclima",22004,2007,6,1,37.5
"estacion_elbatanclima",22004,2007,7,1,62.6
"estacion_elbatanclima",22004,2007,8,1,44
"estacion_elbatanclima",22004,2007,9,1,45.5
"estacion_elbatanclima",22004,2007,10,1,12.5
"estacion_elbatanclima",22004,2007,11,1,13.5
"estacion_elbatanclima",22004,2007,12,1,3
"estacion_elbatanclima",22004,2008,1,1,0
"estacion_elbatanclima",22004,2008,2,1,0
"estacion_elbatanclima",22004,2008,3,1,0
"estacion_elbatanclima",22004,2008,4,1,0
"estacion_elbatanclima",22004,2008,5,1,17
"estacion_elbatanclima",22004,2008,6,1,28
"estacion_elbatanclima",22004,2008,7,1,34.8
"estacion_elbatanclima",22004,2008,8,1,31.6
"estacion_elbatanclima",22004,2008,9,1,57.4
"estacion_elbatanclima",22004,2008,10,1,0
"estacion_elbatanclima",22004,2008,11,1,0
"estacion_elbatanclima",22004,2008,12,1,0
"estacion_elbatanclima",22004,2009,1,1,8.6
"estacion_elbatanclima",22004,2009,2,1,0
"estacion_elbatanclima",22004,2009,3,1,2.8
"estacion_elbatanclima",22004,2009,4,1,0
"estacion_elbatanclima",22004,2009,5,1,16
"estacion_elbatanclima",22004,2009,6,1,34.5
"estacion_elbatanclima",22004,2009,7,1,28.7
"estacion_elbatanclima",22004,2009,8,1,16
"estacion_elbatanclima",22004,2009,9,1,33.4
"estacion_elbatanclima",22004,2009,10,1,30.8
"estacion_elbatanclima",22004,2009,11,1,0
"estacion_elbatanclima",22004,2009,12,1,6
"estacion_elbatanclima",22004,2010,1,1,17.6
"estacion_elbatanclima",22004,2010,2,1,62.7
"estacion_elbatanclima",22004,2010,3,1,0
"estacion_elbatanclima",22004,2010,4,1,10.5
"estacion_elbatanclima",22004,2010,5,1,9.8
"estacion_elbatanclima",22004,2010,6,1,11.5
"estacion_elbatanclima",22004,2010,7,1,28.6
"estacion_elbatanclima",22004,2010,8,1,49.4
"estacion_elbatanclima",22004,2010,9,1,42.7
"estacion_elbatanclima",22004,2010,10,1,0
"estacion_elbatanclima",22004,2010,11,1,0
"estacion_elbatanclima",22004,2010,12,1,0
"estacion_elbatanclima",22004,2011,1,1,0
"estacion_elbatanclima",22004,2011,2,1,0
"estacion_elbatanclima",22004,2011,3,1,0
"estacion_elbatanclima",22004,2011,4,1,0
"estacion_elbatanclima",22004,2011,5,1,7
"estacion_elbatanclima",22004,2011,6,1,38.7
"estacion_elbatanclima",22004,2011,7,1,21.6
"estacion_elbatanclima",22004,2011,8,1,16.4
"estacion_elbatanclima",22004,2011,9,1,56.7
"estacion_elbatanclima",22004,2011,10,1,12.7
"estacion_elbatanclima",22004,2011,11,1,0
"estacion_elbatanclima",22004,2011,12,1,11
"estacion_elbatanclima",22004,2012,1,1,11.4
"estacion_elbatanclima",22004,2012,2,1,15.3
"estacion_elbatanclima",22004,2012,3,1,8
"estacion_elbatanclima",22004,2012,4,1,3
"estacion_elbatanclima",22004,2012,5,1,13.6
"estacion_elbatanclima",22004,2012,6,1,44.7
"estacion_elbatanclima",22004,2012,7,1,48.4
"estacion_elbatanclima",22004,2012,8,1,46.8
"estacion_elbatanclima",22004,2012,9,1,56
"estacion_elbatanclima",22004,2012,10,1,16.7
"estacion_elbatanclima",22004,2012,11,1,21.5
"estacion_elbatanclima",22004,2012,12,1,3.5
"estacion_elbatanclima",22004,2013,1,1,1.3
"estacion_elbatanclima",22004,2013,2,1,9
"estacion_elbatanclima",22004,2013,3,1,5
"estacion_elbatanclima",22004,2013,4,1,6.5
"estacion_elbatanclima",22004,2013,5,1,22
"estacion_elbatanclima",22004,2013,6,1,53
"estacion_elbatanclima",22004,2013,7,1,30
"estacion_elbatanclima",22004,2013,8,1,14
"estacion_elbatanclima",22004,2013,9,1,27.5
"estacion_elbatanclima",22004,2013,10,1,14
"estacion_elbatanclima",22004,2013,11,1,33
"estacion_elbatanclima",22004,2013,12,1,16.5
"estacion_elbatanclima",22004,2014,1,1,0
"estacion_elbatanclima",22004,2014,2,1,0
"estacion_elbatanclima",22004,2014,3,1,0
"estacion_elbatanclima",22004,2014,4,1,13.7
"estacion_elbatanclima",22004,2014,5,1,17
"estacion_elbatanclima",22004,2014,6,1,27.5
"estacion_elbatanclima",22004,2014,7,1,20
"estacion_elbatanclima",22004,2014,8,1,30
"estacion_elbatanclima",22004,2014,9,1,11.5
"estacion_elbatanclima",22004,2014,10,1,41.5
"estacion_elbatanclima",22004,2014,11,1,2.1
"estacion_elbatanclima",22004,2014,12,1,0
"estacion_elbatanclima",22004,2015,1,1,0
"estacion_elbatanclima",22004,2015,2,1,8.5
"estacion_elbatanclima",22004,2015,3,1,82
"estacion_elbatanclima",22004,2015,4,1,20
"estacion_elbatanclima",22004,2015,5,1,23
"estacion_elbatanclima",22004,2015,6,1,55
"estacion_elbatanclima",22004,2015,7,1,28
"estacion_elbatanclima",22004,2015,8,1,27
"estacion_elbatanclima",22004,2015,9,1,24
"estacion_elbatanclima",22004,2015,10,1,27.5
"estacion_elbatanclima",22004,2015,11,1,10
"estacion_elbatanclima",22004,2015,12,1,7.5
"estacion_elbatanclima",22004,2016,1,1,2
"estacion_elbatanclima",22004,2016,2,1,0
"estacion_elbatanclima",22004,2016,3,1,17.5
"estacion_elbatanclima",22004,2016,4,1,2
"estacion_elbatanclima",22004,2016,5,1,14.5
"estacion_elbatanclima",22004,2016,6,1,22
"estacion_elbatanclima",22004,2016,7,1,27
"estacion_elbatanclima",22004,2016,8,1,42
"estacion_elbatanclima",22004,2016,9,1,20
"estacion_elbatanclima",22004,2016,10,1,9
"estacion_elbatanclima",22004,2016,11,1,8
"estacion_elbatanclima",22004,2016,12,1,0
"estacion_elbatanclima",22004,2017,1,1,0
"estacion_elbatanclima",22004,2017,2,1,7
"estacion_elbatanclima",22004,2017,3,1,6.5
"estacion_elbatanclima",22004,2017,4,1,0
"estacion_elbatanclima",22004,2017,5,1,20
"estacion_elbatanclima",22004,2017,6,1,29
"estacion_elbatanclima",22004,2017,7,1,47
"estacion_elbatanclima",22004,2017,8,1,44
"estacion_elbatanclima",22004,2017,9,1,75
"estacion_elbatanclima",22004,2017,10,1,3
"estacion_elbatanclima",22004,2017,11,1,0
"estacion_elbatanclima",22004,2017,12,1,0
"estacion_elbatanclima",22004,2018,1,1,0
"estacion_elbatanclima",22004,2018,2,1,2.5
"estacion_elbatanclima",22004,2018,3,1,0
"estacion_elbatanclima",22004,2018,4,1,5
"estacion_elbatanclima",22004,2018,5,1,26
"estacion_elbatanclima",22004,2018,6,1,29
"estacion_elbatanclima",22004,2018,7,1,37
"estacion_elbatanclima",22004,2018,8,1,52
"estacion_elbatanclima",22004,2018,9,1,26
"estacion_elbatanclima",22004,2018,10,1,19
"estacion_elbatanclima",22004,2018,11,1,12
"estacion_elbatanclima",22004,2018,12,1,0
"estacion_elbatanclima",22004,2019,1,1,0
"estacion_elbatanclima",22004,2019,2,1,0
"estacion_elbatanclima",22004,2019,3,1,2
"estacion_elbatanclima",22004,2019,4,1,0
"estacion_elbatanclima",22004,2019,5,1,6
"estacion_elbatanclima",22004,2019,6,1,42
"estacion_elbatanclima",22004,2019,7,1,47
"estacion_elbatanclima",22004,2019,8,1,20
"estacion_elbatanclima",22004,2019,9,1,43
"estacion_elbatanclima",22004,2019,10,1,13
"estacion_elbatanclima",22004,2019,11,1,0
"estacion_elbatanclima",22004,2019,12,1,14
"estacion_elbatanclima",22004,2020,1,1,5
"estacion_elbatanclima",22004,2020,2,1,19
"estacion_elbatanclima",22004,2020,3,1,28
"estacion_elbatanclima",22004,2020,4,1,7
"estacion_elbatanclima",22004,2020,5,1,5
"estacion_elbatanclima",22004,2020,6,1,22
"estacion_elbatanclima",22004,2020,7,1,36
"estacion_elbatanclima",22004,2020,8,1,28
"estacion_elbatanclima",22004,2020,9,1,23
"estacion_elbatanclima",22004,2020,10,1,17
"estacion_elbatanclima",22004,2020,11,1,0
"estacion_laventaclima",22067,1984,6,1,16
"estacion_laventaclima",22067,1984,7,1,21
"estacion_laventaclima",22067,1984,8,1,20
"estacion_laventaclima",22067,1984,9,1,20
"estacion_laventaclima",22067,1984,10,1,9
"estacion_laventaclima",22067,1984,11,1,2
"estacion_laventaclima",22067,1984,12,1,0
"estacion_laventaclima",22067,1985,1,1,2
"estacion_laventaclima",22067,1985,2,1,1
"estacion_laventaclima",22067,1985,3,1,6
"estacion_laventaclima",22067,1985,4,1,10
"estacion_laventaclima",22067,1985,5,1,20
"estacion_laventaclima",22067,1985,7,1,31.3
"estacion_laventaclima",22067,1985,8,1,20
"estacion_laventaclima",22067,1985,9,1,7.5
"estacion_laventaclima",22067,1985,10,1,4
"estacion_laventaclima",22067,1985,11,1,5.2
"estacion_laventaclima",22067,1985,12,1,2.5
"estacion_laventaclima",22067,1986,1,1,0
"estacion_laventaclima",22067,1986,2,1,4
"estacion_laventaclima",22067,1986,3,1,0
"estacion_laventaclima",22067,1986,4,1,5.8
"estacion_laventaclima",22067,1986,5,1,20
"estacion_laventaclima",22067,1986,6,1,46.7
"estacion_laventaclima",22067,1986,7,1,34.5
"estacion_laventaclima",22067,1986,8,1,38.5
"estacion_laventaclima",22067,1986,9,1,51
"estacion_laventaclima",22067,1986,10,1,49
"estacion_laventaclima",22067,1986,11,1,23.5
"estacion_laventaclima",22067,1986,12,1,0
"estacion_laventaclima",22067,1987,1,1,0
"estacion_laventaclima",22067,1987,3,1,0
"estacion_laventaclima",22067,1987,4,1,15.5
"estacion_laventaclima",22067,1987,5,1,41.8
"estacion_laventaclima",22067,1987,6,1,9
"estacion_laventaclima",22067,1987,7,1,26
"estacion_laventaclima",22067,1987,8,1,26.5
"estacion_laventaclima",22067,1987,9,1,20
"estacion_laventaclima",22067,1987,10,1,0
"estacion_laventaclima",22067,1987,11,1,5.8
"estacion_laventaclima",22067,1987,12,1,0
"estacion_laventaclima",22067,1988,1,1,0
"estacion_laventaclima",22067,1988,2,1,0
"estacion_laventaclima",22067,1988,3,1,0
"estacion_laventaclima",22067,1988,4,1,42.8
"estacion_laventaclima",22067,1988,5,1,0
"estacion_laventaclima",22067,1988,6,1,22.5
"estacion_laventaclima",22067,1988,7,1,46
"estacion_laventaclima",22067,1988,8,1,18.5
"estacion_laventaclima",22067,1988,9,1,8
"estacion_laventaclima",22067,1988,10,1,0
"estacion_laventaclima",22067,1988,11,1,0
"estacion_laventaclima",22067,1988,12,1,0
"estacion_laventaclima",22067,1989,1,1,0
"estacion_laventaclima",22067,1989,2,1,0
"estacion_laventaclima",22067,1989,3,1,0
"estacion_laventaclima",22067,1989,4,1,1
"estacion_laventaclima",22067,1989,5,1,26
"estacion_laventaclima",22067,1989,6,1,81
"estacion_laventaclima",22067,1989,7,1,15
"estacion_laventaclima",22067,1989,8,1,34.8
"estacion_laventaclima",22067,1989,9,1,9.5
"estacion_laventaclima",22067,1989,11,1,5
"estacion_laventaclima",22067,1990,1,1,6.5
"estacion_laventaclima",22067,1990,2,1,21
"estacion_laventaclima",22067,1990,3,1,31.5
"estacion_laventaclima",22067,1990,4,1,1.5
"estacion_laventaclima",22067,1990,5,1,18
"estacion_laventaclima",22067,1990,6,1,27
"estacion_laventaclima",22067,1990,7,1,31.5
"estacion_laventaclima",22067,1990,9,1,31.5
"estacion_laventaclima",22067,1990,10,1,21
"estacion_laventaclima",22067,1990,11,1,1.5
"estacion_laventaclima",22067,1990,12,1,1.5
"estacion_laventaclima",22067,1991,1,1,0
"estacion_laventaclima",22067,1991,2,1,0
"estacion_laventaclima",22067,1991,3,1,0
"estacion_laventaclima",22067,1991,4,1,0
"estacion_laventaclima",22067,1991,5,1,1
"estacion_laventaclima",22067,1991,6,1,47
"estacion_laventaclima",22067,1991,7,1,40
"estacion_laventaclima",22067,1991,8,1,14
"estacion_laventaclima",22067,1991,9,1,31
"estacion_laventaclima",22067,1991,10,1,16
"estacion_laventaclima",22067,1992,1,1,40
"estacion_laventaclima",22067,1992,2,1,6
"estacion_laventaclima",22067,1992,3,1,14
"estacion_laventaclima",22067,1993,2,1,2
"estacion_laventaclima",22067,1993,3,1,1.5
"estacion_laventaclima",22067,1993,4,1,0
"estacion_laventaclima",22067,1993,5,1,3
"estacion_laventaclima",22067,1993,6,1,34
"estacion_laventaclima",22067,1993,7,1,42
"estacion_laventaclima",22067,1993,8,1,23
"estacion_laventaclima",22067,1993,11,1,17
"estacion_laventaclima",22067,1993,12,1,0
"estacion_laventaclima",22067,1994,1,1,0
"estacion_laventaclima",22067,1994,2,1,0
"estacion_laventaclima",22067,1994,3,1,0
"estacion_laventaclima",22067,1994,4,1,16
"estacion_laventaclima",22067,1994,6,1,33
"estacion_laventaclima",22067,1994,7,1,5
"estacion_laventaclima",22067,1994,8,1,35
"estacion_laventaclima",22067,1994,9,1,7
"estacion_laventaclima",22067,1994,10,1,18.7
"estacion_laventaclima",22067,1994,11,1,11.3
"estacion_laventaclima",22067,1994,12,1,1.1
"estacion_laventaclima",22067,1995,1,1,2
"estacion_laventaclima",22067,1995,2,1,3
"estacion_laventaclima",22067,1995,5,1,15
"estacion_laventaclima",22067,1995,6,1,0
"estacion_laventaclima",22067,1995,8,1,18
"estacion_laventaclima",22067,1995,9,1,21
"estacion_laventaclima",22067,1995,10,1,4
"estacion_laventaclima",22067,1996,1,1,0
"estacion_laventaclima",22067,1996,2,1,0
"estacion_laventaclima",22067,1996,3,1,0
"estacion_laventaclima",22067,1996,4,1,0
"estacion_laventaclima",22067,1996,5,1,0
"estacion_laventaclima",22067,1996,6,1,7
"estacion_laventaclima",22067,1996,7,1,4
"estacion_laventaclima",22067,1996,8,1,20
"estacion_laventaclima",22067,1996,9,1,32
"estacion_laventaclima",22067,1996,10,1,36
"estacion_laventaclima",22067,1996,11,1,0
"estacion_laventaclima",22067,1996,12,1,0
"estacion_laventaclima",22067,1997,1,1,0
"estacion_laventaclima",22067,1997,2,1,0
"estacion_laventaclima",22067,1997,4,1,28
"estacion_laventaclima",22067,1997,5,1,8
"estacion_laventaclima",22067,1997,6,1,18
"estacion_laventaclima",22067,1997,7,1,42.2
"estacion_laventaclima",22067,1997,8,1,21.4
"estacion_laventaclima",22067,1997,9,1,34
"estacion_laventaclima",22067,1997,11,1,0
"estacion_laventaclima",22067,1997,12,1,0
"estacion_laventaclima",22067,1998,1,1,1
"estacion_laventaclima",22067,2000,1,1,0
"estacion_laventaclima",22067,2000,2,1,0
"estacion_laventaclima",22067,2000,3,1,0
"estacion_laventaclima",22067,2000,4,1,0.6
"estacion_laventaclima",22067,2000,5,1,0
"estacion_laventaclima",22067,2000,6,1,38
"estacion_laventaclima",22067,2000,8,1,26
"estacion_laventaclima",22067,2000,10,1,6.5
"estacion_laventaclima",22067,2000,11,1,10.5
"estacion_laventaclima",22067,2000,12,1,2
"estacion_laventaclima",22067,2001,1,1,11
"estacion_laventaclima",22067,2001,2,1,15
"estacion_laventaclima",22067,2001,3,1,2.7
"estacion_laventaclima",22067,2001,4,1,6
"estacion_laventaclima",22067,2001,5,1,3.5
"estacion_laventaclima",22067,2001,6,1,33
"estacion_laventaclima",22067,2001,7,1,29.5
"estacion_laventaclima",22067,2001,8,1,56.5
"estacion_laventaclima",22067,2001,9,1,22.4
"estacion_laventaclima",22067,2001,10,1,18.9
"estacion_laventaclima",22067,2001,11,1,4.3
"estacion_laventaclima",22067,2001,12,1,5
"estacion_laventaclima",22067,2002,1,1,15.3
"estacion_laventaclima",22067,2002,2,1,4.6
"estacion_laventaclima",22067,2002,3,1,0
"estacion_laventaclima",22067,2002,4,1,15
"estacion_laventaclima",22067,2002,5,1,6.2
"estacion_laventaclima",22067,2002,6,1,12
"estacion_laventaclima",22067,2002,7,1,37
"estacion_laventaclima",22067,2002,8,1,24.7
"estacion_laventaclima",22067,2002,9,1,46
"estacion_laventaclima",22067,2002,10,1,38
"estacion_laventaclima",22067,2002,11,1,19
"estacion_laventaclima",22067,2002,12,1,0
"estacion_laventaclima",22067,2003,1,1,4
"estacion_laventaclima",22067,2003,2,1,0
"estacion_laventaclima",22067,2003,3,1,0
"estacion_laventaclima",22067,2003,4,1,0
"estacion_laventaclima",22067,2003,5,1,4.5
"estacion_laventaclima",22067,2003,6,1,18.3
"estacion_laventaclima",22067,2003,7,1,43
"estacion_laventaclima",22067,2003,8,1,58
"estacion_laventaclima",22067,2003,9,1,47
"estacion_laventaclima",22067,2003,11,1,0
"estacion_laventaclima",22067,2003,12,1,0
"estacion_laventaclima",22067,2004,1,1,46
"estacion_laventaclima",22067,2004,2,1,0
"estacion_laventaclima",22067,2004,3,1,11
"estacion_laventaclima",22067,2004,4,1,4
"estacion_laventaclima",22067,2004,5,1,29
"estacion_laventaclima",22067,2004,6,1,50
"estacion_laventaclima",22067,2004,7,1,24
"estacion_laventaclima",22067,2004,8,1,42
"estacion_laventaclima",22067,2004,9,1,24
"estacion_laventaclima",22067,2004,10,1,21
"estacion_laventaclima",22067,2004,11,1,0
"estacion_laventaclima",22067,2004,12,1,0
"estacion_laventaclima",22067,2005,1,1,4.5
"estacion_laventaclima",22067,2005,2,1,1.5
"estacion_laventaclima",22067,2005,3,1,0
"estacion_laventaclima",22067,2005,4,1,7
"estacion_laventaclima",22067,2005,5,1,13
"estacion_laventaclima",22067,2005,6,1,1
"estacion_laventaclima",22067,2005,7,1,20
"estacion_laventaclima",22067,2005,8,1,33
"estacion_laventaclima",22067,2005,9,1,19
"estacion_laventaclima",22067,2005,10,1,9.5
"estacion_laventaclima",22067,2005,11,1,0
"estacion_laventaclima",22067,2005,12,1,0
"estacion_laventaclima",22067,2006,1,1,18.2
"estacion_laventaclima",22067,2006,2,1,2.4
"estacion_laventaclima",22067,2006,3,1,10.1
"estacion_laventaclima",22067,2006,4,1,60
"estacion_laventaclima",22067,2006,5,1,22.7
"estacion_laventaclima",22067,2006,6,1,16.8
"estacion_laventaclima",22067,2006,7,1,40
"estacion_laventaclima",22067,2006,8,1,46.5
"estacion_laventaclima",22067,2006,9,1,43.5
"estacion_laventaclima",22067,2006,10,1,25.5
"estacion_laventaclima",22067,2006,11,1,6
"estacion_laventaclima",22067,2006,12,1,0
"estacion_laventaclima",22067,2007,1,1,7.5
"estacion_laventaclima",22067,2007,2,1,29
"estacion_laventaclima",22067,2015,1,1,18.2
"estacion_laventaclima",22067,2015,2,1,2.4
"estacion_laventaclima",22067,2015,3,1,10.1
"estacion_laventaclima",22067,2015,4,1,60
"estacion_laventaclima",22067,2015,5,1,22.7
"estacion_laventaclima",22067,2015,6,1,16.8
"estacion_laventaclima",22067,2015,7,1,40
"estacion_laventaclima",22067,2015,8,1,46.5
"estacion_laventaclima",22067,2015,9,1,43.5
"estacion_laventaclima",22067,2016,2,1,29
"estacion_laventaclima",22067,2016,3,1,2
"estacion_laventaclima",22067,2016,4,1,5
"estacion_laventaclima",22067,2016,5,1,8
"estacion_laventaclima",22067,2016,6,1,8
"estacion_laventaclima",22067,2016,7,1,86
"estacion_laventaclima",22067,2016,8,1,40.5
"estacion_laventaclima",22067,2016,9,1,25.6
"estacion_laventaclima",22067,2016,10,1,13.4
"estacion_laventaclima",22067,2016,11,1,5
"estacion_laventaclima",22067,2016,12,1,7
"estacion_laventaclima",22067,2017,2,1,0
"estacion_laventaclima",22067,2017,3,1,0
"estacion_laventaclima",22067,2017,4,1,0
"estacion_laventaclima",22067,2017,5,1,13.7
"estacion_laventaclima",22067,2017,6,1,7.3
"estacion_laventaclima",22067,2017,7,1,9
"estacion_laventaclima",22067,2017,8,1,1.2
"estacion_laventaclima",22067,2017,9,1,17.6
"estacion_laventaclima",22067,2017,10,1,4.2
"estacion_laventaclima",22067,2017,11,1,1.4
"estacion_laventaclima",22067,2017,12,1,0
"estacion_laventaclima",22067,2018,1,1,0.3
"estacion_laventaclima",22067,2018,2,1,0
"estacion_laventaclima",22067,2018,3,1,0
"estacion_laventaclima",22067,2018,4,1,5.2
"estacion_laventaclima",22067,2018,5,1,0
"estacion_laventaclima",22067,2018,6,1,7.1
"estacion_laventaclima",22067,2018,7,1,8.3
"estacion_laventaclima",22067,2018,8,1,2.4
"estacion_laventaclima",22067,2018,9,1,10.9
"estacion_laventaclima",22067,2018,10,1,0
"estacion_laventaclima",22067,2018,11,1,0
"estacion_laventaclima",22067,2018,12,1,0
"estacion_laventaclima",22067,2019,1,1,0
"estacion_laventaclima",22067,2019,2,1,0
"estacion_laventaclima",22067,2019,3,1,0
"estacion_laventaclima",22067,2019,4,1,0
"estacion_laventaclima",22067,2019,5,1,0
"estacion_laventaclima",22067,2019,6,1,10
"estacion_laventaclima",22067,2019,7,1,0
"estacion_laventaclima",22067,2019,8,1,0
"estacion_laventaclima",22067,2019,9,1,1
"estacion_laventaclima",22067,2019,10,1,1.8
"estacion_laventaclima",22067,2019,11,1,0
"estacion_laventaclima",22067,2019,12,1,3.8
"estacion_nogalesclima",22046,1980,2,1,3
"estacion_nogalesclima",22046,1980,3,1,0
"estacion_nogalesclima",22046,1980,4,1,5.5
"estacion_nogalesclima",22046,1980,5,1,12
"estacion_nogalesclima",22046,1980,6,1,24.8
"estacion_nogalesclima",22046,1980,7,1,31
"estacion_nogalesclima",22046,1980,8,1,48.7
"estacion_nogalesclima",22046,1980,9,1,7
"estacion_nogalesclima",22046,1980,10,1,25.3
"estacion_nogalesclima",22046,1980,11,1,13.1
"estacion_nogalesclima",22046,1980,12,1,0
"estacion_nogalesclima",22046,1981,1,1,14
"estacion_nogalesclima",22046,1981,2,1,6.5
"estacion_nogalesclima",22046,1981,3,1,2.9
"estacion_nogalesclima",22046,1981,4,1,41.5
"estacion_nogalesclima",22046,1981,5,1,12.7
"estacion_nogalesclima",22046,1981,6,1,40.3
"estacion_nogalesclima",22046,1981,7,1,39.3
"estacion_nogalesclima",22046,1981,8,1,10.4
"estacion_nogalesclima",22046,1981,9,1,9.2
"estacion_nogalesclima",22046,1981,10,1,17.4
"estacion_nogalesclima",22046,1981,11,1,0
"estacion_nogalesclima",22046,1981,12,1,4.5
"estacion_nogalesclima",22046,1982,1,1,0
"estacion_nogalesclima",22046,1982,2,1,5
"estacion_nogalesclima",22046,1982,3,1,1.7
"estacion_nogalesclima",22046,1982,4,1,7.4
"estacion_nogalesclima",22046,1982,5,1,11
"estacion_nogalesclima",22046,1982,6,1,7.8
"estacion_nogalesclima",22046,1982,7,1,18
"estacion_nogalesclima",22046,1982,8,1,30.4
"estacion_nogalesclima",22046,1982,9,1,0.7
"estacion_nogalesclima",22046,1982,10,1,48.7
"estacion_nogalesclima",22046,1982,11,1,0.7
"estacion_nogalesclima",22046,1982,12,1,9.1
"estacion_nogalesclima",22046,1983,1,1,12.4
"estacion_nogalesclima",22046,1983,2,1,1.6
"estacion_nogalesclima",22046,1983,3,1,12
"estacion_nogalesclima",22046,1983,4,1,0
"estacion_nogalesclima",22046,1983,5,1,14.1
"estacion_nogalesclima",22046,1983,6,1,24.4
"estacion_nogalesclima",22046,1983,7,1,33.1
"estacion_nogalesclima",22046,1983,8,1,33.7
"estacion_nogalesclima",22046,1983,9,1,56.3
"estacion_nogalesclima",22046,1983,10,1,19.2
"estacion_nogalesclima",22046,1983,11,1,11.4
"estacion_nogalesclima",22046,1983,12,1,0.3
"estacion_nogalesclima",22046,1984,1,1,5.8
"estacion_nogalesclima",22046,1984,2,1,9.7
"estacion_nogalesclima",22046,1984,3,1,2.2
"estacion_nogalesclima",22046,1984,4,1,0
"estacion_nogalesclima",22046,1984,5,1,10.6
"estacion_nogalesclima",22046,1984,6,1,21.8
"estacion_nogalesclima",22046,1984,7,1,33.8
"estacion_nogalesclima",22046,1984,8,1,46.5
"estacion_nogalesclima",22046,1984,9,1,34.3
"estacion_nogalesclima",22046,1984,10,1,0.5
"estacion_nogalesclima",22046,1984,11,1,6.1
"estacion_nogalesclima",22046,1984,12,1,1.4
"estacion_nogalesclima",22046,1985,1,1,4.1
"estacion_nogalesclima",22046,1985,2,1,2.5
"estacion_nogalesclima",22046,1985,3,1,4.5
"estacion_nogalesclima",22046,1985,4,1,15.5
"estacion_nogalesclima",22046,1985,5,1,40
"estacion_nogalesclima",22046,1985,6,1,38.2
"estacion_nogalesclima",22046,1985,7,1,51.8
"estacion_nogalesclima",22046,1985,8,1,43.4
"estacion_nogalesclima",22046,1985,9,1,39.4
"estacion_nogalesclima",22046,1985,10,1,6.5
"estacion_nogalesclima",22046,1985,11,1,1.8
"estacion_nogalesclima",22046,1985,12,1,4.3
"estacion_nogalesclima",22046,1986,1,1,0.1
"estacion_nogalesclima",22046,1986,2,1,1.6
"estacion_nogalesclima",22046,1986,3,1,0
"estacion_nogalesclima",22046,1986,4,1,0
"estacion_nogalesclima",22046,1986,5,1,5.3
"estacion_nogalesclima",22046,1986,6,1,36.7
"estacion_nogalesclima",22046,1986,7,1,25.4
"estacion_nogalesclima",22046,1986,8,1,40
"estacion_nogalesclima",22046,1986,9,1,54.4
"estacion_nogalesclima",22046,1986,10,1,33.6
"estacion_nogalesclima",22046,1986,11,1,12.9
"estacion_nogalesclima",22046,1986,12,1,11.8
"estacion_nogalesclima",22046,1987,1,1,0
"estacion_nogalesclima",22046,1987,2,1,0.6
"estacion_nogalesclima",22046,1987,3,1,3.9
"estacion_nogalesclima",22046,1987,4,1,0
"estacion_nogalesclima",22046,1987,5,1,9.4
"estacion_nogalesclima",22046,1987,6,1,33.4
"estacion_nogalesclima",22046,1987,7,1,37.7
"estacion_nogalesclima",22046,1987,8,1,20
"estacion_nogalesclima",22046,1987,9,1,9.1
"estacion_nogalesclima",22046,1987,10,1,0
"estacion_nogalesclima",22046,1987,11,1,8.5
"estacion_nogalesclima",22046,1987,12,1,0.5
"estacion_nogalesclima",22046,1988,1,1,4.4
"estacion_nogalesclima",22046,1988,2,1,0
"estacion_nogalesclima",22046,1988,3,1,15.5
"estacion_nogalesclima",22046,1988,4,1,10.5
"estacion_nogalesclima",22046,1988,5,1,4.9
"estacion_nogalesclima",22046,1988,6,1,13.4
"estacion_nogalesclima",22046,1988,7,1,27.9
"estacion_nogalesclima",22046,1988,8,1,30.6
"estacion_nogalesclima",22046,1988,9,1,9.2
"estacion_nogalesclima",22046,1988,10,1,8.7
"estacion_nogalesclima",22046,1988,11,1,3.4
"estacion_nogalesclima",22046,1988,12,1,0
"estacion_nogalesclima",22046,1989,1,1,0
"estacion_nogalesclima",22046,1989,2,1,6.4
"estacion_nogalesclima",22046,1989,3,1,0
"estacion_nogalesclima",22046,1989,4,1,1.5
"estacion_nogalesclima",22046,1989,5,1,20
"estacion_nogalesclima",22046,1989,6,1,12.3
"estacion_nogalesclima",22046,1989,7,1,13.2
"estacion_nogalesclima",22046,1989,8,1,32.5
"estacion_nogalesclima",22046,1989,9,1,14.3
"estacion_nogalesclima",22046,1989,10,1,0
"estacion_nogalesclima",22046,1989,11,1,0
"estacion_nogalesclima",22046,1989,12,1,8.7
"estacion_nogalesclima",22046,1990,1,1,0
"estacion_nogalesclima",22046,1990,2,1,9.7
"estacion_nogalesclima",22046,1990,3,1,8.5
"estacion_nogalesclima",22046,1990,4,1,22.2
"estacion_nogalesclima",22046,1990,5,1,15.9
"estacion_nogalesclima",22046,1990,6,1,18.8
"estacion_nogalesclima",22046,1990,7,1,25.9
"estacion_nogalesclima",22046,1990,8,1,36.9
"estacion_nogalesclima",22046,1990,9,1,25.1
"estacion_nogalesclima",22046,1990,10,1,20
"estacion_nogalesclima",22046,1990,11,1,1
"estacion_nogalesclima",22046,1990,12,1,2.7
"estacion_nogalesclima",22046,1991,1,1,0
"estacion_nogalesclima",22046,1991,2,1,0
"estacion_nogalesclima",22046,1991,3,1,0
"estacion_nogalesclima",22046,1991,5,1,4.7
"estacion_nogalesclima",22046,1991,6,1,38.9
"estacion_nogalesclima",22046,1991,7,1,49.6
"estacion_nogalesclima",22046,1991,8,1,8.9
"estacion_nogalesclima",22046,1992,1,1,15.9
"estacion_nogalesclima",22046,1992,2,1,0
"estacion_nogalesclima",22046,1992,3,1,5.8
"estacion_nogalesclima",22046,1992,4,1,0
"estacion_nogalesclima",22046,1992,5,1,0
"estacion_nogalesclima",22046,1994,1,1,4.8
"estacion_nogalesclima",22046,1994,2,1,0
"estacion_nogalesclima",22046,1994,3,1,15.6
"estacion_nogalesclima",22046,1995,2,1,0
"estacion_nogalesclima",22046,1995,3,1,0
"estacion_nogalesclima",22046,1995,4,1,11.8
"estacion_nogalesclima",22046,1995,5,1,52.8
"estacion_nogalesclima",22046,1995,6,1,10.5
"estacion_nogalesclima",22046,1995,7,1,17.1
"estacion_nogalesclima",22046,1995,8,1,3.9
"estacion_nogalesclima",22046,1995,9,1,0
"estacion_nogalesclima",22046,1995,10,1,0.1
"estacion_nogalesclima",22046,1995,11,1,0
"estacion_nogalesclima",22046,1995,12,1,0.1
"estacion_nogalesclima",22046,1996,1,1,0
"estacion_nogalesclima",22046,1996,2,1,0
"estacion_nogalesclima",22046,1996,3,1,0
"estacion_nogalesclima",22046,1996,4,1,2.6
"estacion_nogalesclima",22046,1996,5,1,1.5
"estacion_nogalesclima",22046,1996,6,1,58.3
"estacion_nogalesclima",22046,1996,7,1,5.8
"estacion_nogalesclima",22046,1996,8,1,81.4
"estacion_nogalesclima",22046,1996,9,1,21.5
"estacion_nogalesclima",22046,1996,10,1,24.3
"estacion_nogalesclima",22046,1996,11,1,0
"estacion_nogalesclima",22046,1996,12,1,1.3
"estacion_nogalesclima",22046,1997,1,1,3.2
"estacion_nogalesclima",22046,1997,7,1,29.2
"estacion_nogalesclima",22046,1997,8,1,14.9
"estacion_nogalesclima",22046,1997,9,1,11.2
"estacion_nogalesclima",22046,1997,10,1,0
"estacion_nogalesclima",22046,1997,11,1,7.8
"estacion_nogalesclima",22046,1997,12,1,7.8
"estacion_nogalesclima",22046,1998,1,1,0
"estacion_nogalesclima",22046,1998,2,1,0
"estacion_nogalesclima",22046,1998,3,1,0
"estacion_nogalesclima",22046,1998,4,1,1.2
"estacion_nogalesclima",22046,1998,5,1,25.8
"estacion_nogalesclima",22046,1998,6,1,18.7
"estacion_nogalesclima",22046,1998,7,1,10.8
"estacion_nogalesclima",22046,1998,8,1,5
"estacion_nogalesclima",22046,1998,9,1,0
"estacion_nogalesclima",22046,1998,10,1,0
"estacion_nogalesclima",22046,1998,11,1,0
"estacion_nogalesclima",22046,1998,12,1,0
"estacion_nogalesclima",22046,1999,1,1,0
"estacion_nogalesclima",22046,1999,2,1,0
"estacion_nogalesclima",22046,1999,3,1,0
"estacion_nogalesclima",22046,1999,4,1,0
"estacion_nogalesclima",22046,1999,5,1,0
"estacion_nogalesclima",22046,1999,6,1,0
"estacion_nogalesclima",22046,1999,7,1,48
"estacion_nogalesclima",22046,1999,8,1,0
"estacion_nogalesclima",22046,1999,9,1,0
"estacion_nogalesclima",22046,1999,10,1,0
"estacion_nogalesclima",22046,1999,11,1,0
"estacion_nogalesclima",22046,1999,12,1,0
"estacion_nogalesclima",22046,2000,1,1,0
"estacion_nogalesclima",22046,2000,2,1,0
"estacion_nogalesclima",22046,2000,3,1,0
"estacion_nogalesclima",22046,2000,4,1,4.3
"estacion_nogalesclima",22046,2000,5,1,16.7
"estacion_nogalesclima",22046,2000,6,1,40
"estacion_nogalesclima",22046,2000,7,1,16.7
"estacion_nogalesclima",22046,2000,8,1,16.2
"estacion_nogalesclima",22046,2000,9,1,28.7
"estacion_nogalesclima",22046,2000,10,1,6.3
"estacion_nogalesclima",22046,2000,11,1,0
"estacion_nogalesclima",22046,2000,12,1,0
"estacion_nogalesclima",22046,2001,1,1,0.5
"estacion_nogalesclima",22046,2001,2,1,0
"estacion_nogalesclima",22046,2001,3,1,0
"estacion_nogalesclima",22046,2001,4,1,8.9
"estacion_nogalesclima",22046,2001,5,1,28.3
"estacion_nogalesclima",22046,2001,6,1,49.6
"estacion_nogalesclima",22046,2001,7,1,14.6
"estacion_nogalesclima",22046,2001,8,1,28
"estacion_nogalesclima",22046,2001,9,1,9.3
"estacion_nogalesclima",22046,2001,10,1,0
"estacion_nogalesclima",22046,2001,11,1,0
"estacion_nogalesclima",22046,2001,12,1,0
"estacion_nogalesclima",22046,2002,1,1,0
"estacion_nogalesclima",22046,2002,2,1,0
"estacion_nogalesclima",22046,2002,3,1,0
"estacion_nogalesclima",22046,2002,4,1,0
"estacion_nogalesclima",22046,2002,5,1,32.8
"estacion_nogalesclima",22046,2002,6,1,15.1
"estacion_nogalesclima",22046,2002,7,1,40
"estacion_nogalesclima",22046,2002,8,1,32.9
"estacion_nogalesclima",22046,2002,9,1,15
"estacion_nogalesclima",22046,2002,10,1,19.8
"estacion_nogalesclima",22046,2002,11,1,3.5
"estacion_nogalesclima",22046,2002,12,1,0
"estacion_nogalesclima",22046,2003,1,1,0
"estacion_nogalesclima",22046,2003,2,1,0
"estacion_nogalesclima",22046,2003,3,1,0
"estacion_nogalesclima",22046,2003,4,1,6.5
"estacion_nogalesclima",22046,2003,5,1,5.8
"estacion_nogalesclima",22046,2003,6,1,22.7
"estacion_nogalesclima",22046,2003,7,1,22.1
"estacion_nogalesclima",22046,2004,3,1,15.4
"estacion_nogalesclima",22046,2004,4,1,0
"estacion_nogalesclima",22046,2004,5,1,18
"estacion_nogalesclima",22046,2004,6,1,45.3
"estacion_nogalesclima",22046,2004,7,1,40.8
"estacion_nogalesclima",22046,2004,8,1,18.9
"estacion_nogalesclima",22046,2004,9,1,17
"estacion_nogalesclima",22046,2004,10,1,7.6
"estacion_nogalesclima",22046,2004,11,1,0
"estacion_nogalesclima",22046,2004,12,1,0
"estacion_nogalesclima",22046,2005,1,1,0
"estacion_nogalesclima",22046,2005,2,1,0
"estacion_nogalesclima",22046,2005,3,1,0
"estacion_nogalesclima",22046,2005,4,1,0
"estacion_nogalesclima",22046,2005,5,1,0
"estacion_nogalesclima",22046,2005,6,1,0
"estacion_nogalesclima",22046,2005,7,1,5.6
"estacion_nogalesclima",22046,2005,8,1,42.8
"estacion_nogalesclima",22046,2005,9,1,0
"estacion_nogalesclima",22046,2005,10,1,0
"estacion_nogalesclima",22046,2005,11,1,0
"estacion_nogalesclima",22046,2005,12,1,0
"estacion_nogalesclima",22046,2007,1,1,0
"estacion_nogalesclima",22046,2007,2,1,0
"estacion_nogalesclima",22046,2007,3,1,0
"estacion_nogalesclima",22046,2007,4,1,0
"estacion_nogalesclima",22046,2010,6,1,63.3
"estacion_nogalesclima",22046,2015,1,1,0
"estacion_nogalesclima",22046,2015,2,1,0
"estacion_nogalesclima",22046,2015,3,1,0
"estacion_nogalesclima",22046,2015,4,1,0
"estacion_nogalesclima",22046,2015,5,1,17.3
"estacion_nogalesclima",22046,2015,6,1,3.1
"estacion_nogalesclima",22046,2015,7,1,0
"estacion_nogalesclima",22046,2015,8,1,22.3
"estacion_nogalesclima",22046,2015,9,1,30.8
"estacion_nogalesclima",22046,2015,10,1,15.9
"estacion_nogalesclima",22046,2015,11,1,0
"estacion_nogalesclima",22046,2015,12,1,0
"estacion_nogalesclima",22046,2016,1,1,0
"estacion_nogalesclima",22046,2016,2,1,0
"estacion_nogalesclima",22046,2016,3,1,0
"estacion_nogalesclima",22046,2016,4,1,0
"estacion_nogalesclima",22046,2016,5,1,17.3
"estacion_nogalesclima",22046,2016,6,1,41.9
"estacion_nogalesclima",22046,2016,7,1,14.3
"estacion_nogalesclima",22046,2016,8,1,47.3
"estacion_nogalesclima",22046,2016,9,1,0
"estacion_nogalesclima",22046,2016,10,1,15.9
"estacion_nogalesclima",22046,2016,11,1,0
"estacion_nogalesclima",22046,2016,12,1,0
"estacion_nogalesclima",22046,2017,1,1,0
"estacion_nogalesclima",22046,2017,2,1,145.6
"estacion_nogalesclima",22046,2017,3,1,0
"estacion_nogalesclima",22046,2017,4,1,0
"estacion_nogalesclima",22046,2017,5,1,0
"estacion_nogalesclima",22046,2017,6,1,6.8
"estacion_nogalesclima",22046,2017,7,1,26.3
"estacion_nogalesclima",22046,2017,8,1,28.2
"estacion_nogalesclima",22046,2017,9,1,23
"estacion_nogalesclima",22046,2017,10,1,2
"estacion_nogalesclima",22046,2017,11,1,0
"estacion_nogalesclima",22046,2017,12,1,0
"estacion_nogalesclima",22046,2018,1,1,0
"estacion_nogalesclima",22046,2018,2,1,0
"estacion_nogalesclima",22046,2018,3,1,0
"estacion_nogalesclima",22046,2018,4,1,3.8
"estacion_nogalesclima",22046,2018,5,1,8.9
"estacion_nogalesclima",22046,2018,6,1,47.2
"estacion_nogalesclima",22046,2018,7,1,14.3
"estacion_nogalesclima",22046,2018,8,1,21.9
"estacion_nogalesclima",22046,2018,9,1,46.1
"estacion_nogalesclima",22046,2018,10,1,55.4
"estacion_nogalesclima",22046,2018,11,1,19.1
"estacion_nogalesclima",22046,2018,12,1,0
"estacion_nogalesclima",22046,2019,1,1,0
"estacion_nogalesclima",22046,2019,2,1,0
"estacion_nogalesclima",22046,2019,3,1,1
"estacion_nogalesclima",22046,2019,4,1,0
"estacion_nogalesclima",22046,2019,5,1,1.1
"estacion_nogalesclima",22046,2019,6,1,41.9
"estacion_nogalesclima",22046,2019,7,1,8.9
"estacion_nogalesclima",22046,2019,8,1,47.3
"estacion_nogalesclima",22046,2019,9,1,40.6
"estacion_nogalesclima",22046,2019,10,1,15.9
"estacion_nogalesclima",22046,2019,11,1,0.8
"estacion_nogalesclima",22046,2019,12,1,0
"estacion_plantel7clima",22070,1996,4,1,0
"estacion_plantel7clima",22070,1996,5,1,10
"estacion_plantel7clima",22070,1996,6,1,36
"estacion_plantel7clima",22070,1996,7,1,22
"estacion_plantel7clima",22070,1996,8,1,13
"estacion_plantel7clima",22070,1996,9,1,49.5
"estacion_plantel7clima",22070,1996,10,1,30.5
"estacion_plantel7clima",22070,1996,11,1,10.8
"estacion_plantel7clima",22070,1997,4,1,35
"estacion_plantel7clima",22070,1997,5,1,23
"estacion_plantel7clima",22070,1997,6,1,50
"estacion_plantel7clima",22070,1997,7,1,21
"estacion_plantel7clima",22070,1997,9,1,10.7
"estacion_plantel7clima",22070,1997,10,1,20
"estacion_plantel7clima",22070,1997,11,1,26.4
"estacion_plantel7clima",22070,1998,2,1,12.2
"estacion_plantel7clima",22070,1998,3,1,1.2
"estacion_plantel7clima",22070,1998,5,1,0.3
"estacion_plantel7clima",22070,1998,6,1,36.4
"estacion_plantel7clima",22070,1998,7,1,12
"estacion_plantel7clima",22070,1998,8,1,33
"estacion_plantel7clima",22070,1998,9,1,53
"estacion_plantel7clima",22070,1998,11,1,36.3
"estacion_plantel7clima",22070,1999,2,1,93.5
"estacion_plantel7clima",22070,1999,3,1,2
"estacion_plantel7clima",22070,1999,4,1,2
"estacion_plantel7clima",22070,1999,5,1,2.5
"estacion_plantel7clima",22070,1999,6,1,28
"estacion_plantel7clima",22070,1999,7,1,28
"estacion_plantel7clima",22070,1999,8,1,20
"estacion_plantel7clima",22070,1999,9,1,6.4
"estacion_plantel7clima",22070,1999,10,1,5
"estacion_plantel7clima",22070,1999,11,1,0
"estacion_plantel7clima",22070,1999,12,1,0.4
"estacion_plantel7clima",22070,2000,1,1,0
"estacion_plantel7clima",22070,2000,2,1,0
"estacion_plantel7clima",22070,2000,3,1,0.8
"estacion_plantel7clima",22070,2000,4,1,5.5
"estacion_plantel7clima",22070,2000,5,1,6.1
"estacion_plantel7clima",22070,2000,6,1,43.6
"estacion_plantel7clima",22070,2000,7,1,54
"estacion_plantel7clima",22070,2000,8,1,30
"estacion_plantel7clima",22070,2000,9,1,26.8
"estacion_plantel7clima",22070,2000,10,1,5.9
"estacion_plantel7clima",22070,2000,11,1,6
"estacion_plantel7clima",22070,2000,12,1,1.6
"estacion_plantel7clima",22070,2001,1,1,3.8
"estacion_plantel7clima",22070,2001,2,1,10.5
"estacion_plantel7clima",22070,2001,3,1,1.5
"estacion_plantel7clima",22070,2001,4,1,0
"estacion_plantel7clima",22070,2001,5,1,6.2
"estacion_plantel7clima",22070,2001,6,1,32.3
"estacion_plantel7clima",22070,2001,7,1,49
"estacion_plantel7clima",22070,2001,8,1,56.5
"estacion_plantel7clima",22070,2001,9,1,18.3
"estacion_plantel7clima",22070,2001,10,1,18.2
"estacion_plantel7clima",22070,2001,11,1,1.3
"estacion_plantel7clima",22070,2001,12,1,0
"estacion_plantel7clima",22070,2002,1,1,0
"estacion_plantel7clima",22070,2002,2,1,0
"estacion_plantel7clima",22070,2002,3,1,0
"estacion_plantel7clima",22070,2002,4,1,0
"estacion_plantel7clima",22070,2002,5,1,14.5
"estacion_plantel7clima",22070,2002,6,1,5.6
"estacion_plantel7clima",22070,2002,7,1,66.9
"estacion_plantel7clima",22070,2002,8,1,33.5
"estacion_plantel7clima",22070,2002,9,1,25.1
"estacion_plantel7clima",22070,2002,10,1,27.5
"estacion_plantel7clima",22070,2002,11,1,17.5
"estacion_plantel7clima",22070,2002,12,1,0
"estacion_plantel7clima",22070,2003,1,1,11
"estacion_plantel7clima",22070,2003,2,1,0
"estacion_plantel7clima",22070,2003,3,1,0
"estacion_plantel7clima",22070,2003,4,1,1
"estacion_plantel7clima",22070,2003,5,1,13.7
"estacion_plantel7clima",22070,2003,6,1,34.8
"estacion_plantel7clima",22070,2003,7,1,73
"estacion_plantel7clima",22070,2003,8,1,38.5
"estacion_plantel7clima",22070,2003,9,1,92
"estacion_plantel7clima",22070,2003,10,1,9.9
"estacion_plantel7clima",22070,2003,11,1,1.2
"estacion_plantel7clima",22070,2003,12,1,0
"estacion_plantel7clima",22070,2004,1,1,4.8
"estacion_plantel7clima",22070,2004,2,1,1.6
"estacion_plantel7clima",22070,2004,3,1,19
"estacion_plantel7clima",22070,2004,4,1,0
"estacion_plantel7clima",22070,2004,5,1,53.6
"estacion_plantel7clima",22070,2004,6,1,24
"estacion_plantel7clima",22070,2004,7,1,24
"estacion_plantel7clima",22070,2004,8,1,72.4
"estacion_plantel7clima",22070,2004,9,1,53.8
"estacion_plantel7clima",22070,2004,10,1,22.9
"estacion_plantel7clima",22070,2004,11,1,0
"estacion_plantel7clima",22070,2004,12,1,1.6
"estacion_plantel7clima",22070,2005,1,1,3.8
"estacion_plantel7clima",22070,2005,2,1,6.9
"estacion_plantel7clima",22070,2005,3,1,4
"estacion_plantel7clima",22070,2005,4,1,4
"estacion_plantel7clima",22070,2005,5,1,1.5
"estacion_plantel7clima",22070,2005,6,1,1.2
"estacion_plantel7clima",22070,2005,7,1,23.3
"estacion_plantel7clima",22070,2005,8,1,69
"estacion_plantel7clima",22070,2005,9,1,21.2
"estacion_plantel7clima",22070,2005,10,1,7.4
"estacion_plantel7clima",22070,2005,11,1,0
"estacion_plantel7clima",22070,2005,12,1,0
"estacion_plantel7clima",22070,2006,1,1,21.2
"estacion_plantel7clima",22070,2006,2,1,0
"estacion_plantel7clima",22070,2006,3,1,8.7
"estacion_plantel7clima",22070,2006,5,1,8
"estacion_plantel7clima",22070,2006,6,1,12.5
"estacion_plantel7clima",22070,2006,7,1,28.5
"estacion_plantel7clima",22070,2006,8,1,70.4
"estacion_plantel7clima",22070,2006,9,1,18.8
"estacion_plantel7clima",22070,2006,10,1,22.9
"estacion_plantel7clima",22070,2006,11,1,21
"estacion_plantel7clima",22070,2006,12,1,0
"estacion_plantel7clima",22070,2007,1,1,3.8
"estacion_plantel7clima",22070,2007,2,1,26.7
"estacion_plantel7clima",22070,2007,3,1,1.6
"estacion_plantel7clima",22070,2007,4,1,8.9
"estacion_plantel7clima",22070,2008,1,1,0.3
"estacion_plantel7clima",22070,2008,2,1,2.8
"estacion_plantel7clima",22070,2008,3,1,0
"estacion_plantel7clima",22070,2008,4,1,7
"estacion_plantel7clima",22070,2008,5,1,7.8
"estacion_plantel7clima",22070,2008,6,1,40
"estacion_plantel7clima",22070,2008,7,1,40.1
"estacion_plantel7clima",22070,2008,8,1,27.3
"estacion_plantel7clima",22070,2008,9,1,23.8
"estacion_plantel7clima",22070,2009,1,1,7
"estacion_plantel7clima",22070,2009,2,1,0
"estacion_plantel7clima",22070,2009,3,1,11
"estacion_plantel7clima",22070,2009,5,1,9.3
"estacion_plantel7clima",22070,2009,6,1,47
"estacion_plantel7clima",22070,2009,7,1,11
"estacion_plantel7clima",22070,2009,8,1,46.3
"estacion_plantel7clima",22070,2009,9,1,128.9
"estacion_plantel7clima",22070,2009,10,1,24.5
"estacion_plantel7clima",22070,2009,11,1,0
"estacion_plantel7clima",22070,2009,12,1,7.8
"estacion_plantel7clima",22070,2010,1,1,0
"estacion_plantel7clima",22070,2010,4,1,10
"estacion_plantel7clima",22070,2010,5,1,2.2
"estacion_plantel7clima",22070,2010,6,1,104.4
"estacion_plantel7clima",22070,2010,7,1,15.3
"estacion_plantel7clima",22070,2010,8,1,20.5
"estacion_plantel7clima",22070,2010,9,1,36.8
"estacion_plantel7clima",22070,2010,10,1,1.2
"estacion_plantel7clima",22070,2010,11,1,0
"estacion_plantel7clima",22070,2010,12,1,0
"estacion_plantel7clima",22070,2011,1,1,0
"estacion_plantel7clima",22070,2011,2,1,0
"estacion_plantel7clima",22070,2011,3,1,0
"estacion_plantel7clima",22070,2011,4,1,0
"estacion_plantel7clima",22070,2011,5,1,1.1
"estacion_plantel7clima",22070,2011,6,1,51
"estacion_plantel7clima",22070,2011,7,1,11
"estacion_plantel7clima",22070,2011,8,1,15.3
"estacion_plantel7clima",22070,2011,9,1,44
"estacion_plantel7clima",22070,2012,4,1,0
"estacion_plantel7clima",22070,2012,5,1,9.3
"estacion_plantel7clima",22070,2012,6,1,31.7
"estacion_plantel7clima",22070,2012,7,1,60.5
"estacion_plantel7clima",22070,2012,8,1,16.2
"estacion_plantel7clima",22070,2012,9,1,32.8
"estacion_plantel7clima",22070,2012,10,1,4.5
"estacion_plantel7clima",22070,2012,11,1,15
"estacion_plantel7clima",22070,2012,12,1,1.7
"estacion_plantel7clima",22070,2013,1,1,0
"estacion_plantel7clima",22070,2013,2,1,0
"estacion_plantel7clima",22070,2013,3,1,3.7
"estacion_plantel7clima",22070,2013,4,1,0.4
"estacion_plantel7clima",22070,2013,5,1,70
"estacion_plantel7clima",22070,2013,6,1,51.3
"estacion_plantel7clima",22070,2013,7,1,74.5
"estacion_plantel7clima",22070,2013,8,1,21
"estacion_plantel7clima",22070,2013,9,1,16
"estacion_plantel7clima",22070,2013,10,1,17.8
"estacion_plantel7clima",22070,2013,11,1,12.7
"estacion_plantel7clima",22070,2013,12,1,0
"estacion_plantel7clima",22070,2014,1,1,1.5
"estacion_plantel7clima",22070,2014,2,1,0
"estacion_plantel7clima",22070,2014,3,1,0
"estacion_plantel7clima",22070,2014,4,1,13.5
"estacion_plantel7clima",22070,2014,5,1,13.8
"estacion_plantel7clima",22070,2014,6,1,60
"estacion_plantel7clima",22070,2014,7,1,36
"estacion_plantel7clima",22070,2014,8,1,19.2
"estacion_plantel7clima",22070,2014,9,1,16
"estacion_plantel7clima",22070,2014,10,1,4.7
"estacion_plantel7clima",22070,2014,11,1,1.9
"estacion_plantel7clima",22070,2014,12,1,0
"estacion_plantel7clima",22070,2015,1,1,0
"estacion_plantel7clima",22070,2015,2,1,14.5
"estacion_plantel7clima",22070,2015,3,1,80.5
"estacion_plantel7clima",22070,2015,4,1,15.2
"estacion_plantel7clima",22070,2015,5,1,33
"estacion_plantel7clima",22070,2015,6,1,34
"estacion_plantel7clima",22070,2015,7,1,13
"estacion_plantel7clima",22070,2015,9,1,36
"estacion_plantel7clima",22070,2015,10,1,23
"estacion_plantel7clima",22070,2015,11,1,6.5
"estacion_plantel7clima",22070,2015,12,1,2.7
"estacion_plantel7clima",22070,2016,1,1,6.2
"estacion_plantel7clima",22070,2016,2,1,0
"estacion_plantel7clima",22070,2016,3,1,20
"estacion_plantel7clima",22070,2016,4,1,0
"estacion_plantel7clima",22070,2016,5,1,33
"estacion_plantel7clima",22070,2016,6,1,29.5
"estacion_plantel7clima",22070,2016,7,1,38.8
"estacion_plantel7clima",22070,2016,8,1,69
"estacion_plantel7clima",22070,2016,9,1,21.2
"estacion_plantel7clima",22070,2016,10,1,1
"estacion_plantel7clima",22070,2016,11,1,3.3
"estacion_plantel7clima",22070,2016,12,1,0
"estacion_plantel7clima",22070,2017,1,1,0
"estacion_plantel7clima",22070,2017,2,1,0.4
"estacion_plantel7clima",22070,2017,3,1,8.9
"estacion_plantel7clima",22070,2017,4,1,7.5
"estacion_plantel7clima",22070,2017,5,1,24
"estacion_plantel7clima",22070,2017,6,1,32.3
"estacion_plantel7clima",22070,2017,7,1,15
"estacion_plantel7clima",22070,2017,8,1,19.2
"estacion_plantel7clima",22070,2017,9,1,29.9
"estacion_plantel7clima",22070,2017,10,1,1
"estacion_plantel7clima",22070,2017,11,1,0
"estacion_plantel7clima",22070,2017,12,1,0
"estacion_plantel7clima",22070,2018,1,1,9.8
"estacion_plantel7clima",22070,2018,2,1,8.6
"estacion_plantel7clima",22070,2018,3,1,0
"estacion_plantel7clima",22070,2018,4,1,14.8
"estacion_plantel7clima",22070,2018,5,1,5.4
"estacion_plantel7clima",22070,2018,6,1,22.5
"estacion_plantel7clima",22070,2018,7,1,18.4
"estacion_plantel7clima",22070,2018,8,1,17.4
"estacion_plantel7clima",22070,2018,9,1,20.3
"estacion_plantel7clima",22070,2018,10,1,19.6
"estacion_plantel7clima",22070,2018,11,1,17.4
"estacion_plantel7clima",22070,2018,12,1,0.2
"estacion_plantel7clima",22070,2019,1,1,0
"estacion_plantel7clima",22070,2019,2,1,0
"estacion_plantel7clima",22070,2019,3,1,0.7
"estacion_plantel7clima",22070,2019,4,1,0
"estacion_plantel7clima",22070,2019,5,1,20.8
"estacion_plantel7clima",22070,2019,6,1,15.9
"estacion_plantel7clima",22070,2019,7,1,23.6
"estacion_plantel7clima",22070,2019,8,1,17.4
"estacion_plantel7clima",22070,2019,9,1,17.5
"estacion_plantel7clima",22070,2019,10,1,6.1
"estacion_plantel7clima",22070,2019,11,1,3.6
"estacion_plantel7clima",22070,2019,12,1,3.4
"estacion_queretaroclima",22063,1982,6,1,41.3
"estacion_queretaroclima",22063,1982,7,1,17.2
"estacion_queretaroclima",22063,1982,8,1,14.7
"estacion_queretaroclima",22063,1982,9,1,13
"estacion_queretaroclima",22063,1982,10,1,31.7
"estacion_queretaroclima",22063,1982,12,1,7.9
"estacion_queretaroclima",22063,1983,1,1,7.5
"estacion_queretaroclima",22063,1983,2,1,5.6
"estacion_queretaroclima",22063,1983,3,1,15.4
"estacion_queretaroclima",22063,1983,4,1,0
"estacion_queretaroclima",22063,1983,5,1,11.6
"estacion_queretaroclima",22063,1983,6,1,13
"estacion_queretaroclima",22063,1984,1,1,7.4
"estacion_queretaroclima",22063,1984,2,1,6.5
"estacion_queretaroclima",22063,1984,3,1,0
"estacion_queretaroclima",22063,1984,4,1,0
"estacion_queretaroclima",22063,1984,5,1,5.2
"estacion_queretaroclima",22063,1984,6,1,10.2
"estacion_queretaroclima",22063,1984,7,1,60.3
"estacion_queretaroclima",22063,1984,8,1,24
"estacion_queretaroclima",22063,1984,9,1,18.5
"estacion_queretaroclima",22063,1984,10,1,12
"estacion_queretaroclima",22063,1984,11,1,2.3
"estacion_queretaroclima",22063,1984,12,1,19.2
"estacion_queretaroclima",22063,1985,1,1,3.2
"estacion_queretaroclima",22063,1985,2,1,0.2
"estacion_queretaroclima",22063,1985,3,1,0
"estacion_queretaroclima",22063,1985,4,1,34.9
"estacion_queretaroclima",22063,1985,5,1,27.4
"estacion_queretaroclima",22063,1985,6,1,88.9
"estacion_queretaroclima",22063,1985,7,1,35.8
"estacion_queretaroclima",22063,1985,8,1,26.4
"estacion_queretaroclima",22063,1985,9,1,14.7
"estacion_queretaroclima",22063,1985,10,1,37.5
"estacion_queretaroclima",22063,1985,11,1,4.2
"estacion_queretaroclima",22063,1985,12,1,8
"estacion_queretaroclima",22063,1988,7,1,43.3
"estacion_queretaroclima",22063,1988,12,1,0
"estacion_queretaroclima",22063,1989,1,1,1.2
"estacion_queretaroclima",22063,1989,2,1,11.2
"estacion_queretaroclima",22063,1989,3,1,0
"estacion_queretaroclima",22063,1989,4,1,2.1
"estacion_queretaroclima",22063,1989,5,1,32.5
"estacion_queretaroclima",22063,1989,6,1,46.2
"estacion_queretaroclima",22063,1989,7,1,17.4
"estacion_queretaroclima",22063,1989,8,1,40.8
"estacion_queretaroclima",22063,1989,9,1,0
"estacion_queretaroclima",22063,1989,10,1,2
"estacion_queretaroclima",22063,1989,11,1,3
"estacion_queretaroclima",22063,1989,12,1,8
"estacion_queretaroclima",22063,1990,1,1,0
"estacion_queretaroclima",22063,1990,2,1,11.3
"estacion_queretaroclima",22063,1990,3,1,3.2
"estacion_queretaroclima",22063,1990,4,1,0
"estacion_queretaroclima",22063,1990,5,1,26
"estacion_queretaroclima",22063,1990,6,1,25
"estacion_queretaroclima",22063,1990,7,1,33
"estacion_queretaroclima",22063,1990,8,1,24.4
"estacion_queretaroclima",22063,1990,9,1,18.8
"estacion_queretaroclima",22063,1990,10,1,34.6
"estacion_queretaroclima",22063,1990,11,1,9
"estacion_queretaroclima",22063,1990,12,1,1.6
"estacion_queretaroclima",22063,1991,1,1,7.5
"estacion_queretaroclima",22063,1991,2,1,4.2
"estacion_queretaroclima",22063,1991,3,1,0
"estacion_queretaroclima",22063,1991,4,1,1
"estacion_queretaroclima",22063,1991,5,1,3
"estacion_queretaroclima",22063,1991,6,1,47.3
"estacion_queretaroclima",22063,1991,7,1,55.8
"estacion_queretaroclima",22063,1991,8,1,6.8
"estacion_queretaroclima",22063,1991,9,1,46.5
"estacion_queretaroclima",22063,1991,10,1,4.2
"estacion_queretaroclima",22063,1991,11,1,3.1
"estacion_queretaroclima",22063,1991,12,1,7.2
"estacion_queretaroclima",22063,1992,1,1,20.2
"estacion_queretaroclima",22063,1992,2,1,8.6
"estacion_queretaroclima",22063,1992,3,1,3.8
"estacion_queretaroclima",22063,1992,4,1,4.8
"estacion_queretaroclima",22063,1992,5,1,11.1
"estacion_queretaroclima",22063,1992,6,1,34
"estacion_queretaroclima",22063,1992,7,1,47.5
"estacion_queretaroclima",22063,1992,8,1,41.9
"estacion_queretaroclima",22063,1992,9,1,39
"estacion_queretaroclima",22063,1992,10,1,24.4
"estacion_queretaroclima",22063,1992,11,1,8
"estacion_queretaroclima",22063,1992,12,1,0
"estacion_queretaroclima",22063,1993,1,1,2.9
"estacion_queretaroclima",22063,1993,2,1,1.2
"estacion_queretaroclima",22063,1993,3,1,6.8
"estacion_queretaroclima",22063,1993,4,1,9.9
"estacion_queretaroclima",22063,1993,5,1,4.8
"estacion_queretaroclima",22063,1993,6,1,40
"estacion_queretaroclima",22063,1993,7,1,30
"estacion_queretaroclima",22063,1993,8,1,5.8
"estacion_queretaroclima",22063,1993,9,1,13.4
"estacion_queretaroclima",22063,1993,10,1,7.7
"estacion_queretaroclima",22063,1993,11,1,22.3
"estacion_queretaroclima",22063,1993,12,1,0
"estacion_queretaroclima",22063,1994,1,1,7.1
"estacion_queretaroclima",22063,1994,2,1,0
"estacion_queretaroclima",22063,1994,3,1,6.7
"estacion_queretaroclima",22063,1994,4,1,16.2
"estacion_queretaroclima",22063,1994,5,1,20
"estacion_queretaroclima",22063,1994,6,1,17.1
"estacion_queretaroclima",22063,1994,7,1,17.9
"estacion_queretaroclima",22063,1994,8,1,21.5
"estacion_queretaroclima",22063,1994,9,1,30.7
"estacion_queretaroclima",22063,1994,10,1,17.8
"estacion_queretaroclima",22063,1994,11,1,0
"estacion_queretaroclima",22063,1994,12,1,0
"estacion_queretaroclima",22063,1995,1,1,2.9
"estacion_queretaroclima",22063,1995,2,1,1.3
"estacion_queretaroclima",22063,1995,3,1,0
"estacion_queretaroclima",22063,1995,4,1,8
"estacion_queretaroclima",22063,1995,5,1,60
"estacion_queretaroclima",22063,1995,6,1,30
"estacion_queretaroclima",22063,1995,7,1,10.9
"estacion_queretaroclima",22063,1995,8,1,31.8
"estacion_queretaroclima",22063,1995,9,1,30.7
"estacion_queretaroclima",22063,1995,10,1,18.7
"estacion_queretaroclima",22063,1995,11,1,8
"estacion_queretaroclima",22063,1995,12,1,22.1
"estacion_queretaroclima",22063,1996,1,1,0
"estacion_queretaroclima",22063,1996,2,1,0
"estacion_queretaroclima",22063,1996,3,1,0
"estacion_queretaroclima",22063,1996,4,1,0
"estacion_queretaroclima",22063,1996,5,1,11.5
"estacion_queretaroclima",22063,2002,1,1,19.6
"estacion_queretaroclima",22063,2002,2,1,16.5
"estacion_queretaroclima",22063,2002,3,1,0
"estacion_queretaroclima",22063,2002,4,1,29
"estacion_queretaroclima",22063,2002,5,1,10.5
"estacion_queretaroclima",22063,2002,6,1,21.2
"estacion_queretaroclima",22063,2002,7,1,62.9
"estacion_queretaroclima",22063,2002,8,1,80
"estacion_queretaroclima",22063,2002,9,1,26
"estacion_queretaroclima",22063,2002,10,1,38.6
"estacion_queretaroclima",22063,2002,11,1,12.4
"estacion_queretaroclima",22063,2002,12,1,0
"estacion_queretaroclima",22063,2003,1,1,5.5
"estacion_queretaroclima",22063,2005,1,1,4
"estacion_queretaroclima",22063,2005,2,1,6.2
"estacion_queretaroclima",22063,2005,3,1,6
"estacion_queretaroclima",22063,2005,4,1,3
"estacion_queretaroclima",22063,2005,5,1,1.5
"estacion_queretaroclima",22063,2005,6,1,0.1
"estacion_queretaroclima",22063,2006,1,1,16.5
"estacion_queretaroclima",22063,2006,2,1,2
"estacion_queretaroclima",22063,2006,3,1,9
"estacion_queretaroclima",22063,2006,4,1,9.4
"estacion_queretaroclima",22063,2006,5,1,29.4
"estacion_queretaroclima",22063,2006,6,1,10.6
"estacion_queretaroclima",22063,2007,1,1,4.2
"estacion_queretaroclima",22063,2007,2,1,13
"estacion_queretaroclima",22063,2007,3,1,0.8
"estacion_queretaroclima",22063,2007,4,1,3.4
"estacion_queretaroclima",22063,2007,5,1,14.3
"estacion_queretaroclima",22063,2007,6,1,35
"estacion_queretaroclima",22063,2007,7,1,50.5
"estacion_queretaroclima",22063,2007,8,1,28.6
"estacion_queretaroclima",22063,2007,9,1,30.6
"estacion_queretaroclima",22063,2007,10,1,32
"estacion_queretaroclima",22063,2007,11,1,14.2
"estacion_queretaroclima",22063,2007,12,1,0.7
"estacion_queretaroclima",22063,2008,1,1,0
"estacion_queretaroclima",22063,2008,2,1,0
"estacion_queretaroclima",22063,2008,3,1,0.3
"estacion_queretaroclima",22063,2008,4,1,13.5
"estacion_queretaroclima",22063,2008,5,1,18.3
"estacion_queretaroclima",22063,2008,6,1,30
"estacion_queretaroclima",22063,2008,7,1,28.6
"estacion_queretaroclima",22063,2008,8,1,31.3
"estacion_queretaroclima",22063,2008,9,1,50.3
"estacion_queretaroclima",22063,2008,10,1,1.2
"estacion_queretaroclima",22063,2008,11,1,0
"estacion_queretaroclima",22063,2008,12,1,0
"estacion_queretaroclima",22063,2009,1,1,6.7
"estacion_queretaroclima",22063,2009,2,1,0
"estacion_queretaroclima",22063,2009,3,1,3.8
"estacion_queretaroclima",22063,2009,4,1,3.8
"estacion_queretaroclima",22063,2009,5,1,8
"estacion_queretaroclima",22063,2009,6,1,8.1
"estacion_queretaroclima",22063,2009,7,1,18.5
"estacion_queretaroclima",22063,2009,8,1,7.7
"estacion_queretaroclima",22063,2009,9,1,85.9
"estacion_queretaroclima",22063,2009,10,1,10
"estacion_queretaroclima",22063,2009,11,1,0.9
"estacion_queretaroclima",22063,2009,12,1,13
"estacion_queretaroclima",22063,2010,1,1,22.7
"estacion_queretaroclima",22063,2010,2,1,47.4
"estacion_queretaroclima",22063,2010,3,1,0.4
"estacion_queretaroclima",22063,2010,4,1,5.3
"estacion_queretaroclima",22063,2010,5,1,1.2
"estacion_queretaroclima",22063,2010,6,1,12.3
"estacion_queretaroclima",22063,2010,7,1,62
"estacion_queretaroclima",22063,2010,8,1,23.7
"estacion_queretaroclima",22063,2010,9,1,17.6
"estacion_queretaroclima",22063,2010,10,1,0
"estacion_queretaroclima",22063,2010,11,1,0
"estacion_queretaroclima",22063,2010,12,1,0
"estacion_queretaroclima",22063,2011,1,1,0.7
"estacion_queretaroclima",22063,2011,2,1,0
"estacion_queretaroclima",22063,2011,3,1,0
"estacion_queretaroclima",22063,2011,4,1,0.2
"estacion_queretaroclima",22063,2011,5,1,3.6
"estacion_queretaroclima",22063,2011,6,1,69.5
"estacion_queretaroclima",22063,2011,7,1,24.5
"estacion_queretaroclima",22063,2011,8,1,16.8
"estacion_queretaroclima",22063,2011,9,1,36
"estacion_queretaroclima",22063,2011,10,1,5.9
"estacion_queretaroclima",22063,2011,11,1,0
"estacion_queretaroclima",22063,2011,12,1,0
"estacion_queretaroclima",22063,2012,1,1,7.7
"estacion_queretaroclima",22063,2012,2,1,14.8
"estacion_queretaroclima",22063,2012,3,1,0.8
"estacion_queretaroclima",22063,2012,4,1,0.5
"estacion_queretaroclima",22063,2012,5,1,4.6
"estacion_queretaroclima",22063,2012,6,1,45
"estacion_queretaroclima",22063,2012,7,1,46.5
"estacion_queretaroclima",22063,2012,8,1,43.3
"estacion_queretaroclima",22063,2012,9,1,31
"estacion_queretaroclima",22063,2012,10,1,3.5
"estacion_queretaroclima",22063,2012,11,1,14.9
"estacion_queretaroclima",22063,2013,1,1,3
"estacion_queretaroclima",22063,2013,2,1,0
"estacion_queretaroclima",22063,2013,4,1,0.5
"estacion_queretaroclima",22063,2013,5,1,41
"estacion_queretaroclima",22063,2013,6,1,24.8
"estacion_queretaroclima",22063,2013,8,1,14
"estacion_queretaroclima",22063,2013,9,1,47.5
"estacion_queretaroclima",22063,2013,10,1,17.9
"estacion_queretaroclima",22063,2013,11,1,17
"estacion_queretaroclima",22063,2013,12,1,14.2
"estacion_queretaroclima",22063,2014,1,1,0
"estacion_queretaroclima",22063,2014,6,1,47.7
"estacion_queretaroclima",22063,2014,7,1,34.4
"estacion_queretaroclima",22063,2014,8,1,67.5
"estacion_queretaroclima",22063,2014,9,1,66.1
"estacion_queretaroclima",22063,2014,10,1,53.6
"estacion_queretaroclima",22063,2014,11,1,3.8
"estacion_queretaroclima",22063,2014,12,1,0.3
"estacion_queretaroclima",22063,2015,1,1,0.1
"estacion_queretaroclima",22063,2015,2,1,11.1
"estacion_queretaroclima",22063,2015,3,1,94.7
"estacion_queretaroclima",22063,2015,4,1,21.5
"estacion_queretaroclima",22063,2015,5,1,26.6
"estacion_queretaroclima",22063,2015,6,1,58
"estacion_queretaroclima",22063,2015,7,1,24.3
"estacion_queretaroclima",22063,2015,8,1,19.8
"estacion_queretaroclima",22063,2015,9,1,41.2
"estacion_queretaroclima",22063,2015,10,1,27.6
"estacion_queretaroclima",22063,2015,11,1,26.5
"estacion_queretaroclima",22063,2015,12,1,3.3
"estacion_queretaroclima",22063,2016,1,1,4
"estacion_queretaroclima",22063,2016,2,1,0
"estacion_queretaroclima",22063,2016,3,1,16.6
"estacion_queretaroclima",22063,2016,4,1,14.3
"estacion_queretaroclima",22063,2016,5,1,38.7
"estacion_queretaroclima",22063,2016,6,1,15.9
"estacion_queretaroclima",22063,2016,7,1,67.1
"estacion_queretaroclima",22063,2016,8,1,39.3
"estacion_queretaroclima",22063,2016,9,1,9.9
"estacion_queretaroclima",22063,2016,10,1,4.1
"estacion_queretaroclima",22063,2016,11,1,8
"estacion_queretaroclima",22063,2016,12,1,0
"estacion_queretaroclima",22063,2017,1,1,0
"estacion_queretaroclima",22063,2017,2,1,1.3
"estacion_queretaroclima",22063,2017,3,1,9.6
"estacion_queretaroclima",22063,2017,4,1,0.3
"estacion_queretaroclima",22063,2017,5,1,88
"estacion_queretaroclima",22063,2017,6,1,19.3
"estacion_queretaroclima",22063,2017,7,1,25.2
"estacion_queretaroclima",22063,2017,8,1,41.3
"estacion_queretaroclima",22063,2017,9,1,74.2
"estacion_queretaroclima",22063,2017,10,1,1.5
"estacion_queretaroclima",22063,2017,11,1,0
"estacion_queretaroclima",22063,2017,12,1,0
"estacion_queretaroclima",22063,2018,1,1,11
"estacion_queretaroclima",22063,2018,2,1,33
"estacion_queretaroclima",22063,2018,3,1,0
"estacion_queretaroclima",22063,2018,4,1,2.8
"estacion_queretaroclima",22063,2018,5,1,38
"estacion_queretaroclima",22063,2018,6,1,36
"estacion_queretaroclima",22063,2018,7,1,17.3
"estacion_queretaroclima",22063,2018,8,1,18.8
"estacion_queretaroclima",22063,2018,9,1,39.5
"estacion_queretaroclima",22063,2018,10,1,15
"estacion_queretaroclima",22063,2018,11,1,15.9
"estacion_queretaroclima",22063,2018,12,1,0
"estacion_queretaroclima",22063,2019,1,1,0
"estacion_queretaroclima",22063,2019,2,1,0
"estacion_queretaroclima",22063,2019,3,1,15
"estacion_queretaroclima",22063,2019,4,1,0.4
"estacion_queretaroclima",22063,2019,5,1,16.6
"estacion_queretaroclima",22063,2019,6,1,76.9
"estacion_queretaroclima",22063,2019,7,1,51
"estacion_queretaroclima",22063,2019,8,1,19.8
"estacion_queretaroclima",22063,2019,9,1,32.9
"estacion_queretaroclima",22063,2019,10,1,44.3
"estacion_queretaroclima",22063,2019,11,1,0.9
"estacion_queretaroclima",22063,2019,12,1,13
"estacion_queretaroclima",22063,2020,10,1,0
"estacion_queretaroclima",22063,2023,10,1,0
"estacion_santateresaclima",22058,1982,1,1,0
"estacion_santateresaclima",22058,1982,2,1,1
"estacion_santateresaclima",22058,1982,3,1,0
"estacion_santateresaclima",22058,1982,4,1,7
"estacion_santateresaclima",22058,1982,5,1,20
"estacion_santateresaclima",22058,1982,6,1,8
"estacion_santateresaclima",22058,1982,7,1,17
"estacion_santateresaclima",22058,1982,8,1,28
"estacion_santateresaclima",22058,1982,9,1,8
"estacion_santateresaclima",22058,1982,10,1,14
"estacion_santateresaclima",22058,1982,11,1,0
"estacion_santateresaclima",22058,1982,12,1,6
"estacion_santateresaclima",22058,1983,1,1,7
"estacion_santateresaclima",22058,1983,2,1,0
"estacion_santateresaclima",22058,1983,3,1,20
"estacion_santateresaclima",22058,1983,4,1,0
"estacion_santateresaclima",22058,1983,5,1,13
"estacion_santateresaclima",22058,1983,6,1,71
"estacion_santateresaclima",22058,1983,7,1,24
"estacion_santateresaclima",22058,1983,8,1,65
"estacion_santateresaclima",22058,1983,9,1,6.5
"estacion_santateresaclima",22058,1983,10,1,16
"estacion_santateresaclima",22058,1983,11,1,24
"estacion_santateresaclima",22058,1983,12,1,0
"estacion_santateresaclima",22058,1984,1,1,0
"estacion_santateresaclima",22058,1984,2,1,5
"estacion_santateresaclima",22058,1984,3,1,0
"estacion_santateresaclima",22058,1984,4,1,0
"estacion_santateresaclima",22058,1984,5,1,17
"estacion_santateresaclima",22058,1984,6,1,20
"estacion_santateresaclima",22058,1984,7,1,45.1
"estacion_santateresaclima",22058,1984,8,1,19
"estacion_santateresaclima",22058,1984,10,1,8
"estacion_santateresaclima",22058,1984,11,1,0
"estacion_santateresaclima",22058,1984,12,1,0
"estacion_santateresaclima",22058,1985,1,1,0
"estacion_santateresaclima",22058,1985,2,1,0
"estacion_santateresaclima",22058,1985,3,1,0
"estacion_santateresaclima",22058,1985,4,1,18
"estacion_santateresaclima",22058,1985,5,1,36
"estacion_santateresaclima",22058,1985,6,1,33
"estacion_santateresaclima",22058,1985,7,1,94
"estacion_santateresaclima",22058,1985,8,1,40
"estacion_santateresaclima",22058,1985,9,1,7
"estacion_santateresaclima",22058,1985,10,1,16
"estacion_santateresaclima",22058,1985,11,1,0
"estacion_santateresaclima",22058,1985,12,1,5
"estacion_santateresaclima",22058,1986,1,1,0
"estacion_santateresaclima",22058,1986,2,1,0
"estacion_santateresaclima",22058,1986,3,1,0
"estacion_santateresaclima",22058,1986,4,1,9
"estacion_santateresaclima",22058,1986,5,1,7
"estacion_santateresaclima",22058,1986,6,1,47
"estacion_santateresaclima",22058,1986,7,1,33
"estacion_santateresaclima",22058,1986,8,1,26
"estacion_santateresaclima",22058,1986,9,1,47
"estacion_santateresaclima",22058,1986,10,1,50
"estacion_santateresaclima",22058,1986,11,1,18
"estacion_santateresaclima",22058,1986,12,1,14
"estacion_santateresaclima",22058,1987,1,1,0
"estacion_santateresaclima",22058,1987,2,1,0
"estacion_santateresaclima",22058,1987,3,1,3
"estacion_santateresaclima",22058,1987,4,1,5
"estacion_santateresaclima",22058,1987,5,1,5
"estacion_santateresaclima",22058,1987,6,1,4.4
"estacion_santateresaclima",22058,1987,7,1,42
"estacion_santateresaclima",22058,1987,9,1,20
"estacion_santateresaclima",22058,1987,10,1,0
"estacion_santateresaclima",22058,1987,11,1,12
"estacion_santateresaclima",22058,1987,12,1,0
"estacion_santateresaclima",22058,1988,1,1,6
"estacion_santateresaclima",22058,1988,2,1,0
"estacion_santateresaclima",22058,1988,3,1,3
"estacion_santateresaclima",22058,1988,4,1,2
"estacion_santateresaclima",22058,1988,5,1,0
"estacion_santateresaclima",22058,1988,6,1,36
"estacion_santateresaclima",22058,1988,7,1,39
"estacion_santateresaclima",22058,1988,8,1,58
"estacion_santateresaclima",22058,1988,9,1,19
"estacion_santateresaclima",22058,1988,10,1,0
"estacion_santateresaclima",22058,1988,11,1,0
"estacion_santateresaclima",22058,1988,12,1,0
"estacion_santateresaclima",22058,1989,1,1,0
"estacion_santateresaclima",22058,1989,2,1,4
"estacion_santateresaclima",22058,1989,3,1,0
"estacion_santateresaclima",22058,1989,4,1,7
"estacion_santateresaclima",22058,1989,5,1,28
"estacion_santateresaclima",22058,1989,6,1,31
"estacion_santateresaclima",22058,1989,7,1,30
"estacion_santateresaclima",22058,1989,8,1,31
"estacion_santateresaclima",22058,1989,9,1,18
"estacion_santateresaclima",22058,1989,10,1,0
"estacion_santateresaclima",22058,1989,11,1,0
"estacion_santateresaclima",22058,1989,12,1,0
"estacion_santateresaclima",22058,1990,1,1,0
"estacion_santateresaclima",22058,1990,2,1,0
"estacion_santateresaclima",22058,1990,3,1,6
"estacion_santateresaclima",22058,1990,4,1,4
"estacion_santateresaclima",22058,1990,6,1,0
"estacion_santateresaclima",22058,1990,7,1,23
"estacion_santateresaclima",22058,1990,8,1,34
"estacion_santateresaclima",22058,1990,9,1,17
"estacion_santateresaclima",22058,1990,10,1,18
"estacion_santateresaclima",22058,1990,11,1,0
"estacion_santateresaclima",22058,1990,12,1,0
"estacion_santateresaclima",22058,1991,1,1,0
"estacion_santateresaclima",22058,1991,2,1,0
"estacion_santateresaclima",22058,1991,3,1,0
"estacion_santateresaclima",22058,1991,4,1,0
"estacion_santateresaclima",22058,1991,5,1,5.7
"estacion_santateresaclima",22058,1991,6,1,20
"estacion_santateresaclima",22058,1991,7,1,90
"estacion_santateresaclima",22058,1991,8,1,33.5
"estacion_santateresaclima",22058,1991,9,1,30
"estacion_santateresaclima",22058,1991,10,1,5
"estacion_santateresaclima",22058,1991,11,1,0
"estacion_santateresaclima",22058,1991,12,1,4
"estacion_santateresaclima",22058,1992,6,1,0
"estacion_santateresaclima",22058,1992,7,1,0
"estacion_santateresaclima",22058,1992,8,1,0
"estacion_santateresaclima",22058,1992,9,1,0
"estacion_santateresaclima",22058,1992,10,1,0
"estacion_santateresaclima",22058,1993,4,1,0
"estacion_santateresaclima",22058,1993,5,1,0
"estacion_santateresaclima",22058,1993,6,1,0
"estacion_santateresaclima",22058,1993,7,1,0
"estacion_santateresaclima",22058,1993,8,1,0
"estacion_santateresaclima",22058,1993,9,1,0
"estacion_santateresaclima",22058,1993,10,1,0
"estacion_santateresaclima",22058,1994,1,1,0
"estacion_santateresaclima",22058,1994,2,1,0
"estacion_santateresaclima",22058,1994,3,1,0
"estacion_santateresaclima",22058,1994,4,1,0
"estacion_santateresaclima",22058,1994,5,1,0
"estacion_santateresaclima",22058,1994,6,1,0
"estacion_santateresaclima",22058,1994,7,1,0
"estacion_santateresaclima",22058,1994,8,1,0
"estacion_santateresaclima",22058,1994,9,1,0
"estacion_santateresaclima",22058,1994,10,1,23.5
"estacion_santateresaclima",22058,1994,11,1,0
"estacion_santateresaclima",22058,1994,12,1,0
"estacion_santateresaclima",22058,1995,1,1,0
"estacion_santateresaclima",22058,1995,2,1,0
"estacion_santateresaclima",22058,1995,3,1,0
"estacion_santateresaclima",22058,1995,4,1,0
"estacion_santateresaclima",22058,1995,5,1,0
"estacion_santateresaclima",22058,1995,6,1,0
"estacion_santateresaclima",22058,1995,7,1,0
"estacion_santateresaclima",22058,1995,8,1,0
"estacion_santateresaclima",22058,1995,9,1,66
"estacion_santateresaclima",22058,1995,10,1,10
"estacion_santateresaclima",22058,1995,11,1,25
"estacion_santateresaclima",22058,1995,12,1,30
"estacion_santateresaclima",22058,1996,1,1,0
"estacion_santateresaclima",22058,1996,2,1,0
"estacion_santateresaclima",22058,1996,3,1,8
"estacion_santateresaclima",22058,1996,4,1,4
"estacion_santateresaclima",22058,1996,5,1,14
"estacion_santateresaclima",22058,1996,6,1,30
"estacion_santateresaclima",22058,1996,7,1,21
"estacion_santateresaclima",22058,1996,8,1,28
"estacion_santateresaclima",22058,1996,9,1,56.3
"estacion_santateresaclima",22058,1996,10,1,29
"estacion_santateresaclima",22058,1996,11,1,0
"estacion_santateresaclima",22058,1996,12,1,0
"estacion_santateresaclima",22058,1997,1,1,0
"estacion_santateresaclima",22058,1997,2,1,0
"estacion_santateresaclima",22058,1997,3,1,27
"estacion_santateresaclima",22058,1997,4,1,25
"estacion_santateresaclima",22058,1997,5,1,13
"estacion_santateresaclima",22058,1997,6,1,23
"estacion_santateresaclima",22058,1997,7,1,24
"estacion_santateresaclima",22058,1997,8,1,11
"estacion_santateresaclima",22058,1997,9,1,14
"estacion_santateresaclima",22058,1997,10,1,60.5
"estacion_santateresaclima",22058,1997,11,1,5
"estacion_santateresaclima",22058,1997,12,1,0
"estacion_santateresaclima",22058,1998,1,1,4
"estacion_santateresaclima",22058,1998,2,1,8
"estacion_santateresaclima",22058,1998,3,1,2.5
"estacion_santateresaclima",22058,1998,4,1,0
"estacion_santateresaclima",22058,1998,5,1,2
"estacion_santateresaclima",22058,1998,6,1,40
"estacion_santateresaclima",22058,1998,7,1,45
"estacion_santateresaclima",22058,1998,8,1,51
"estacion_santateresaclima",22058,1998,9,1,62.5
"estacion_santateresaclima",22058,1998,10,1,49
"estacion_santateresaclima",22058,1998,11,1,15
"estacion_santateresaclima",22058,1998,12,1,0
"estacion_santateresaclima",22058,1999,1,1,0
"estacion_santateresaclima",22058,1999,2,1,0
"estacion_santateresaclima",22058,1999,3,1,0
"estacion_santateresaclima",22058,1999,4,1,0
"estacion_santateresaclima",22058,1999,5,1,0
"estacion_santateresaclima",22058,1999,6,1,60.5
"estacion_santateresaclima",22058,1999,7,1,20.7
"estacion_santateresaclima",22058,1999,8,1,20
"estacion_santateresaclima",22058,1999,9,1,16
"estacion_santateresaclima",22058,1999,10,1,0
"estacion_santateresaclima",22058,1999,11,1,0
"estacion_santateresaclima",22058,1999,12,1,0
"estacion_santateresaclima",22058,2000,1,1,0
"estacion_santateresaclima",22058,2000,2,1,0
"estacion_santateresaclima",22058,2000,3,1,0
"estacion_santateresaclima",22058,2000,4,1,0
"estacion_santateresaclima",22058,2000,5,1,0
"estacion_santateresaclima",22058,2000,6,1,65.6
"estacion_santateresaclima",22058,2000,7,1,40.3
"estacion_santateresaclima",22058,2000,8,1,41
"estacion_santateresaclima",22058,2000,9,1,20
"estacion_santateresaclima",22058,2000,10,1,6
"estacion_santateresaclima",22058,2000,11,1,6
"estacion_santateresaclima",22058,2000,12,1,2
"estacion_santateresaclima",22058,2001,1,1,10
"estacion_santateresaclima",22058,2001,2,1,8
"estacion_santateresaclima",22058,2001,3,1,0
"estacion_santateresaclima",22058,2001,4,1,12
"estacion_santateresaclima",22058,2001,5,1,7
"estacion_santateresaclima",22058,2001,6,1,56.5
"estacion_santateresaclima",22058,2001,7,1,35
"estacion_santateresaclima",22058,2001,8,1,65
"estacion_santateresaclima",22058,2001,9,1,10
"estacion_santateresaclima",22058,2001,10,1,15
"estacion_santateresaclima",22058,2001,11,1,0
"estacion_santateresaclima",22058,2001,12,1,0
"estacion_santateresaclima",22058,2002,1,1,6
"estacion_santateresaclima",22058,2002,2,1,12
"estacion_santateresaclima",22058,2002,3,1,0
"estacion_santateresaclima",22058,2002,4,1,0
"estacion_santateresaclima",22058,2002,5,1,0
"estacion_santateresaclima",22058,2002,6,1,0
"estacion_santateresaclima",22058,2002,7,1,20
"estacion_santateresaclima",22058,2002,8,1,24
"estacion_santateresaclima",22058,2002,9,1,30
"estacion_santateresaclima",22058,2002,10,1,3
"estacion_santateresaclima",22058,2002,11,1,0
"estacion_santateresaclima",22058,2002,12,1,0
"estacion_santateresaclima",22058,2003,1,1,8
"estacion_santateresaclima",22058,2003,2,1,0
"estacion_santateresaclima",22058,2003,3,1,0
"estacion_santateresaclima",22058,2003,4,1,0
"estacion_santateresaclima",22058,2003,5,1,14
"estacion_santateresaclima",22058,2003,6,1,11
"estacion_santateresaclima",22058,2003,7,1,20
"estacion_santateresaclima",22058,2003,8,1,70
"estacion_santateresaclima",22058,2003,9,1,59
"estacion_santateresaclima",22058,2003,10,1,20
"estacion_santateresaclima",22058,2003,11,1,0
"estacion_santateresaclima",22058,2003,12,1,0
"estacion_santateresaclima",22058,2004,1,1,0
"estacion_santateresaclima",22058,2004,2,1,0
"estacion_santateresaclima",22058,2004,3,1,0
"estacion_santateresaclima",22058,2004,4,1,0
"estacion_santateresaclima",22058,2004,5,1,0
"estacion_santateresaclima",22058,2004,6,1,56
"estacion_santateresaclima",22058,2004,7,1,4
"estacion_santateresaclima",22058,2004,8,1,26
"estacion_santateresaclima",22058,2004,9,1,70
"estacion_santateresaclima",22058,2004,10,1,25
"estacion_santateresaclima",22058,2004,11,1,0
"estacion_santateresaclima",22058,2004,12,1,0
"estacion_santateresaclima",22058,2005,1,1,0
"estacion_santateresaclima",22058,2005,2,1,6
"estacion_santateresaclima",22058,2005,3,1,1
"estacion_santateresaclima",22058,2005,4,1,0
"estacion_santateresaclima",22058,2005,5,1,0
"estacion_santateresaclima",22058,2005,6,1,0
"estacion_santateresaclima",22058,2005,7,1,25
"estacion_santateresaclima",22058,2005,8,1,40
"estacion_santateresaclima",22058,2005,9,1,15
"estacion_santateresaclima",22058,2005,10,1,20
"estacion_santateresaclima",22058,2005,11,1,0
"estacion_santateresaclima",22058,2005,12,1,0
"estacion_santateresaclima",22058,2006,1,1,20
"estacion_santateresaclima",22058,2006,2,1,0
"estacion_santateresaclima",22058,2006,3,1,15
"estacion_santateresaclima",22058,2006,4,1,18
"estacion_santateresaclima",22058,2006,5,1,20
"estacion_santateresaclima",22058,2006,6,1,20
"estacion_santateresaclima",22058,2006,7,1,30
"estacion_santateresaclima",22058,2006,8,1,60
"estacion_santateresaclima",22058,2006,9,1,25
"estacion_santateresaclima",22058,2006,10,1,20
"estacion_santateresaclima",22058,2006,11,1,10
"estacion_santateresaclima",22058,2006,12,1,0
"estacion_santateresaclima",22058,2015,1,1,0
"estacion_santateresaclima",22058,2015,2,1,6
"estacion_santateresaclima",22058,2015,3,1,10
"estacion_santateresaclima",22058,2015,4,1,18
"estacion_santateresaclima",22058,2015,5,1,10
"estacion_santateresaclima",22058,2015,6,1,8
"estacion_santateresaclima",22058,2015,7,1,5
"estacion_santateresaclima",22058,2015,8,1,20
"estacion_santateresaclima",22058,2015,9,1,10
"estacion_santateresaclima",22058,2015,10,1,12
"estacion_santateresaclima",22058,2015,11,1,10
"estacion_santateresaclima",22058,2015,12,1,10
"estacion_santateresaclima",22058,2016,1,1,8
"estacion_santateresaclima",22058,2016,2,1,0
"estacion_santateresaclima",22058,2016,3,1,17
"estacion_santateresaclima",22058,2016,4,1,5
"estacion_santateresaclima",22058,2016,5,1,15
"estacion_santateresaclima",22058,2016,6,1,21
"estacion_santateresaclima",22058,2016,7,1,60
"estacion_santateresaclima",22058,2016,8,1,40
"estacion_santateresaclima",22058,2016,9,1,10
"estacion_santateresaclima",22058,2016,10,1,9
"estacion_santateresaclima",22058,2016,11,1,15
"estacion_santateresaclima",22058,2016,12,1,5
"estacion_santateresaclima",22058,2017,1,1,0
"estacion_santateresaclima",22058,2017,2,1,10
"estacion_santateresaclima",22058,2017,3,1,10
"estacion_santateresaclima",22058,2017,4,1,0
"estacion_santateresaclima",22058,2017,5,1,7
"estacion_santateresaclima",22058,2017,6,1,0
"estacion_santateresaclima",22058,2017,7,1,25
"estacion_santateresaclima",22058,2017,8,1,20
"estacion_santateresaclima",22058,2017,9,1,65
"estacion_santateresaclima",22058,2017,10,1,5
"estacion_santateresaclima",22058,2017,11,1,3
"estacion_santateresaclima",22058,2017,12,1,0
"estacion_santateresaclima",22058,2018,1,1,0
"estacion_santateresaclima",22058,2018,2,1,10
"estacion_santateresaclima",22058,2018,3,1,0
"estacion_santateresaclima",22058,2018,4,1,8
"estacion_santateresaclima",22058,2018,5,1,20
"estacion_santateresaclima",22058,2018,6,1,20
"estacion_santateresaclima",22058,2018,7,1,11
"estacion_santateresaclima",22058,2018,8,1,30
"estacion_santateresaclima",22058,2018,9,1,50
"estacion_santateresaclima",22058,2018,10,1,30
"estacion_santateresaclima",22058,2018,11,1,15
"estacion_santateresaclima",22058,2018,12,1,10
"estacion_santateresaclima",22058,2019,1,1,0
"estacion_santateresaclima",22058,2019,2,1,0
"estacion_santateresaclima",22058,2019,3,1,10
"estacion_santateresaclima",22058,2019,4,1,0
"estacion_santateresaclima",22058,2019,5,1,10
"estacion_santateresaclima",22058,2019,6,1,0
"estacion_santateresaclima",22058,2019,7,1,5
"estacion_santateresaclima",22058,2019,8,1,10
"estacion_santateresaclima",22058,2019,9,1,10
"estacion_santateresaclima",22058,2019,10,1,15
"estacion_santateresaclima",22058,2019,11,1,30
"estacion_santateresaclima",22058,2019,12,1,22
